HOMO_A;LUMO_A;EgCV_A;λ_A_absorption;EgA_opt;HOMO_D;LUMO_D;EgCV_D;λ_D_absorption;EgD_opt
5.69;4.11;1.58;800.0;1.55;5.43;3.37;2.06;625.0;1.98
5.69;4.11;1.58;800.0;1.55;5.43;3.37;2.06;625.0;1.98
5.69;4.11;1.58;800.0;1.55;5.42;3.4;2.02;635.0;1.95
5.69;4.11;1.58;800.0;1.55;5.42;3.4;2.02;635.0;1.95
5.69;4.11;1.58;800.0;1.55;5.42;3.4;2.02;635.0;1.95
5.69;4.11;1.58;800.0;1.55;5.42;3.4;2.02;635.0;1.95
5.69;4.11;1.58;800.0;1.55;5.42;3.4;2.02;635.0;1.95
5.7;4.08;1.62;930.0;1.33;5.59;3.61;1.98;640.0;1.94
5.74;3.96;1.78;933.7;1.33;5.46;3.7;1.76;700.0;1.77
5.7;3.91;1.79;934.7;1.33;5.46;3.7;1.76;700.0;1.77
5.65;4.05;1.6;910.0;1.36;5.46;3.47;1.99;700.0;1.77
5.65;4.05;1.6;910.0;1.36;5.46;3.47;1.99;700.0;1.77
5.86;3.98;1.88;817.0;1.52;5.51;2.77;2.74;627.0;1.98
5.67;3.93;1.74;892.0;1.39;5.51;2.77;2.74;627.0;1.98
5.65;4.1;1.55;910.0;1.36;5.51;2.77;2.74;627.0;1.98
5.65;4.1;1.55;910.0;1.36;5.51;2.77;2.74;627.0;1.98
5.65;4.1;1.55;910.0;1.36;5.51;2.77;2.74;627.0;1.98
5.67;3.9;1.77;800.0;1.55;5.51;2.77;2.74;627.0;1.98
5.67;3.9;1.77;800.0;1.55;5.51;2.77;2.74;627.0;1.98
5.77;3.97;1.8;950.0;1.31;5.51;2.77;2.74;627.0;1.98
5.68;3.89;1.79;900.0;1.38;5.51;2.77;2.74;627.0;1.98
5.74;3.88;1.86;885.0;1.4;5.47;2.71;2.76;627.0;1.98
5.71;3.86;1.85;885.0;1.4;5.47;2.71;2.76;627.0;1.98
5.46;3.96;1.5;866.0;1.43;5.11;3.16;2.54;627.0;1.98
5.68;3.96;1.72;890.0;1.39;5.11;3.16;1.75;627.0;1.98
5.68;3.9;1.78;900.0;1.38;5.51;3.77;1.74;640.0;1.94
5.7;4.1;1.6;910.0;1.36;5.47;2.71;2.76;627.0;1.98
5.7;4.1;1.6;910.0;1.36;5.47;2.71;2.76;627.0;1.98
5.68;3.9;1.78;910.0;1.36;5.47;2.71;2.76;627.0;1.98
5.68;3.9;1.78;910.0;1.36;5.47;2.71;2.76;627.0;1.98
5.47;3.76;1.71;912.0;1.36;5.11;3.16;1.95;627.0;1.98
5.68;3.91;1.77;905.0;1.37;5.63;3.56;2.07;626.0;1.98
5.68;3.91;1.77;900.0;1.38;5.63;3.56;2.07;626.0;1.98
5.68;3.91;1.77;890.0;1.39;5.63;3.56;2.07;626.0;1.98
5.72;4.06;1.66;912.0;1.36;5.47;2.71;2.76;627.0;1.98
5.72;4.06;1.66;912.0;1.36;5.47;2.71;2.76;627.0;1.98
5.64;4.07;1.57;900.0;1.38;5.48;3.65;1.83;627.0;1.98
5.64;4.07;1.57;900.0;1.38;5.48;3.65;1.83;627.0;1.98
5.68;3.9;1.78;910.0;1.36;5.47;2.71;2.76;627.0;1.98
5.68;3.9;1.78;910.0;1.36;5.47;2.71;2.76;627.0;1.98
5.67;3.84;1.44;861.0;1.44;5.51;2.77;1.74;625.0;1.98
5.66;3.8;1.44;861.0;1.44;5.51;2.77;1.74;625.0;1.98
5.67;3.93;1.38;900.0;1.38;5.51;2.77;1.74;625.0;1.98
5.62;3.64;1.65;750.0;1.65;5.51;2.77;1.74;625.0;1.98
5.65;4.1;1.55;912.0;1.36;5.3;2.78;2.52;627.0;1.98
5.74;3.78;1.96;825.0;1.5;5.25;2.88;2.37;627.0;1.98
5.78;3.69;2.09;846.0;1.47;5.25;2.88;2.37;627.0;1.98
5.68;3.9;1.78;910.0;1.36;5.57;3.57;2.0;627.0;1.98
5.68;3.9;1.78;910.0;1.36;5.57;3.57;2.0;627.0;1.98
5.68;3.9;1.78;910.0;1.36;5.57;3.57;2.0;627.0;1.98
5.55;3.98;1.57;867.0;1.43;5.44;3.47;1.97;627.0;1.98
5.55;3.98;1.57;867.0;1.43;5.44;3.47;1.97;627.0;1.98
5.65;3.63;2.02;950.0;1.31;5.63;3.56;2.07;627.0;1.98
5.55;3.98;1.57;867.0;1.43;5.63;3.56;2.07;627.0;1.98
5.68;3.9;1.78;900.0;1.38;5.63;3.56;2.07;627.0;1.98
5.79;3.85;1.94;920.0;1.35;5.48;2.73;2.75;627.0;1.98
5.78;3.82;1.96;908.0;1.37;5.48;2.73;2.75;627.0;1.98
5.68;3.92;1.76;900.0;1.38;5.44;3.47;1.97;627.0;1.98
5.37;4.02;1.35;917.0;1.35;5.11;3.16;1.95;627.0;1.98
5.35;3.97;1.4;897.0;1.38;5.11;3.16;1.95;627.0;1.98
5.6;3.78;1.82;912.0;1.36;5.63;3.56;2.07;627.0;1.98
5.6;3.78;1.82;912.0;1.36;5.63;3.56;2.07;627.0;1.98
5.63;4.1;1.53;910.0;1.36;5.51;2.77;2.74;627.0;1.98
5.76;3.89;1.87;935.0;1.32;5.51;2.77;2.74;627.0;1.98
5.78;3.88;1.9;915.0;1.35;5.51;2.77;2.74;627.0;1.98
5.68;4.06;1.62;915.0;1.36;5.51;2.77;2.74;627.0;1.98
5.8;3.86;1.94;900.0;1.38;5.51;2.77;2.74;627.0;1.98
5.74;4.11;1.63;800.0;1.55;5.51;2.77;2.74;627.0;1.98
5.68;3.9;1.78;915.0;1.36;5.51;2.77;2.74;627.0;1.98
5.52;4.1;1.42;905.0;1.37;5.68;3.9;1.78;627.0;1.98
5.52;4.1;1.42;905.0;1.37;5.68;3.9;1.78;627.0;1.98
5.51;4.0;1.51;929.0;1.33;5.45;3.53;1.92;627.0;1.98
5.49;4.02;1.47;930.0;1.33;5.45;3.53;1.92;627.0;1.98
5.68;3.9;1.78;910.0;1.36;5.51;2.77;2.74;627.0;1.98
5.68;3.9;1.78;910.0;1.36;5.51;2.77;2.74;627.0;1.98
5.62;3.88;1.74;902.0;1.37;5.25;2.88;2.37;627.0;1.98
5.65;3.9;1.75;898.0;1.38;5.25;2.88;2.37;627.0;1.98
5.6;3.86;1.74;905.0;1.37;5.25;2.88;2.37;627.0;1.98
5.57;3.84;1.7;910.0;1.36;5.25;2.88;2.37;627.0;1.98
5.72;3.94;1.78;880.0;1.41;5.25;2.88;2.37;627.0;1.98
5.68;3.9;1.78;915.0;1.36;5.57;3.57;2.0;627.0;1.98
5.68;3.9;1.78;915.0;1.36;5.57;3.57;2.0;627.0;1.98
5.68;3.9;1.78;915.0;1.36;5.57;3.57;2.0;627.0;1.98
5.68;3.9;1.78;915.0;1.36;5.57;3.57;2.0;627.0;1.98
5.68;3.9;1.78;915.0;1.36;5.57;3.57;2.0;627.0;1.98
5.68;3.9;1.78;915.0;1.36;5.57;3.57;2.0;627.0;1.98
5.68;3.9;1.78;915.0;1.36;5.57;3.57;2.0;627.0;1.98
5.68;3.9;1.78;910.0;1.36;5.53;3.54;1.99;627.0;1.98
5.68;3.9;1.78;910.0;1.36;5.53;3.54;1.99;627.0;1.98
5.7;3.87;1.83;923.0;1.34;5.47;3.52;1.95;631.0;1.97
5.67;3.9;1.77;910.0;1.36;5.51;2.77;2.74;627.0;1.98
5.67;3.9;1.77;910.0;1.36;5.51;2.77;2.74;627.0;1.98
5.67;3.9;1.77;910.0;1.36;5.51;2.77;2.74;627.0;1.98
5.68;3.9;1.78;910.0;1.36;5.25;2.88;2.37;627.0;1.98
5.58;4.17;1.41;910.0;1.36;5.51;3.54;1.97;627.0;1.98
5.65;4.1;1.55;910.0;1.36;5.51;3.54;1.97;627.0;1.98
5.65;4.1;1.55;910.0;1.36;5.51;3.54;1.97;627.0;1.98
5.67;3.93;1.74;892.0;1.39;5.51;3.54;1.97;627.0;1.98
5.67;3.93;1.74;892.0;1.39;5.51;3.54;1.97;627.0;1.98
5.58;4.17;1.41;910.0;1.36;5.51;3.54;1.97;627.0;1.98
5.58;4.17;1.41;910.0;1.36;5.51;3.54;1.97;627.0;1.98
5.58;4.17;1.41;910.0;1.36;5.51;3.54;1.97;627.0;1.98
5.58;4.17;1.41;910.0;1.36;5.51;3.54;1.97;627.0;1.98
5.68;3.9;1.78;910.0;1.36;5.53;3.54;1.99;633.0;1.96
5.68;3.9;1.78;910.0;1.36;5.53;3.54;1.99;635.0;1.95
5.68;3.9;1.78;910.0;1.36;5.53;3.54;1.99;640.0;1.94
5.68;3.9;1.78;910.0;1.36;5.53;3.54;1.99;630.0;1.97
5.68;3.9;1.78;910.0;1.36;5.53;3.54;1.99;627.0;1.98
5.68;3.9;1.78;890.0;1.39;5.57;3.57;2.0;627.0;1.98
5.65;3.8;1.85;898.0;1.38;5.57;3.57;2.0;627.0;1.98
5.7;4.3;1.4;949.0;1.3;5.2;3.3;1.9;627.0;1.98
5.7;4.3;1.4;949.0;1.3;5.2;3.3;1.9;627.0;1.98
5.6;4.2;1.4;925.0;1.34;5.2;3.3;1.9;627.0;1.98
5.6;4.2;1.4;925.0;1.34;5.2;3.3;1.9;627.0;1.98
5.7;4.13;1.57;915.0;1.355;5.52;3.66;1.86;640.0;1.94
5.63;4.1;1.53;910.0;1.36;5.52;3.58;1.94;625.0;1.98
5.74;3.92;1.82;886.0;1.4;5.5;3.46;2.04;627.0;1.98
5.69;3.88;1.81;886.0;1.4;5.5;3.46;2.04;627.0;1.98
5.74;3.97;1.77;910.0;1.36;5.43;3.54;1.89;680.0;1.82
5.7;4.33;1.37;923.0;1.34;5.51;2.77;2.74;627.0;1.98
5.85;3.93;1.92;900.0;1.38;5.57;3.57;2.0;627.0;1.98
5.68;3.9;1.78;907.0;1.37;5.51;3.77;1.74;650.0;1.91
5.67;3.9;1.77;800.0;1.55;5.51;2.77;2.74;627.0;1.98
5.72;3.89;1.83;910.0;1.36;5.57;3.48;2.09;630.0;1.97
5.72;3.89;1.83;900.0;1.38;5.57;3.48;2.09;630.0;1.97
5.72;3.89;1.83;900.0;1.38;5.57;3.48;2.09;630.0;1.97
5.53;4.1;1.43;910.0;1.36;5.57;3.48;2.09;627.0;1.98
5.53;4.1;1.43;910.0;1.36;5.57;3.48;2.09;627.0;1.98
5.7;4.33;1.37;950.0;1.305;5.57;3.48;2.09;627.0;1.98
5.7;4.33;1.37;920.0;1.35;5.57;3.48;2.09;627.0;1.98
5.57;3.82;1.75;920.0;1.35;5.5;3.4;2.1;650.0;1.91
5.74;3.89;1.85;892.0;1.39;5.57;3.48;2.09;627.0;1.98
5.74;3.89;1.85;892.0;1.39;5.57;3.48;2.09;627.0;1.98
5.74;3.89;1.85;892.0;1.39;5.57;3.48;2.09;627.0;1.98
5.68;3.91;1.77;887.0;1.4;5.57;3.48;2.09;627.0;1.98
5.68;3.91;1.77;887.0;1.4;5.57;3.48;2.09;627.0;1.98
5.68;3.91;1.77;887.0;1.4;5.57;3.48;2.09;627.0;1.98
5.68;3.91;1.77;910.0;1.36;5.5;3.4;2.1;629.0;1.99
5.68;3.91;1.77;910.0;1.36;5.5;3.4;2.1;627.0;1.98
5.69;3.96;1.73;900.0;1.38;5.49;3.49;2.0;627.0;1.98
5.69;3.93;1.76;892.0;1.39;5.49;3.49;2.0;627.0;1.98
5.71;3.94;1.77;895.0;1.39;5.49;3.49;2.0;627.0;1.98
5.57;3.82;1.75;920.0;1.35;5.5;3.4;2.1;650.0;1.91
5.57;3.82;1.75;920.0;1.35;5.5;3.4;2.1;650.0;1.91
5.57;3.82;1.75;920.0;1.35;5.5;3.4;2.1;650.0;1.91
5.57;3.82;1.75;920.0;1.35;5.5;3.4;2.1;650.0;1.91
5.57;3.82;1.75;920.0;1.35;5.5;3.4;2.1;650.0;1.91
5.57;3.82;1.75;920.0;1.35;5.5;3.4;2.1;650.0;1.91
5.68;3.9;1.78;890.0;1.39;5.48;3.42;2.06;650.0;1.91
5.68;3.9;1.78;890.0;1.39;5.48;3.42;2.06;650.0;1.91
5.68;3.9;1.78;890.0;1.39;5.48;3.42;2.06;650.0;1.91
5.65;4.1;1.55;912.0;1.36;5.31;2.77;2.54;627.0;1.98
5.65;4.1;1.55;912.0;1.36;5.33;2.77;2.56;628.0;1.97
5.65;4.1;1.55;912.0;1.36;5.33;2.77;2.56;628.0;1.97
5.65;4.1;1.55;912.0;1.36;5.34;2.77;2.57;629.0;1.97
5.5;3.86;1.64;805.0;1.54;5.22;3.41;1.81;760.0;1.63
5.46;3.75;1.71;786.0;1.58;5.22;3.41;1.81;760.0;1.63
5.43;3.71;1.72;760.0;1.63;5.22;3.41;1.81;760.0;1.63
5.52;3.76;1.76;800.0;1.55;5.22;3.41;1.81;775.0;1.6
5.51;3.82;1.69;784.0;1.58;5.22;3.41;1.81;775.0;1.6
5.51;3.72;1.79;774.0;1.6;5.22;3.41;1.81;775.0;1.6
5.5;3.86;1.64;805.0;1.54;5.64;3.61;2.03;622.0;1.99
5.5;3.86;1.64;805.0;1.54;5.64;3.61;2.03;622.0;1.99
5.5;3.86;1.64;805.0;1.54;5.51;3.34;2.17;620.0;2.0
5.74;4.01;1.73;820.0;1.51;5.38;3.17;2.21;620.0;2.0
5.66;3.93;1.73;795.0;1.56;5.38;3.17;2.21;620.0;2.0
5.48;3.84;1.64;800.0;1.55;5.38;3.17;2.21;620.0;2.0
5.48;3.84;1.64;800.0;1.55;5.38;3.17;2.21;620.0;2.0
5.43;3.8;1.63;810.0;1.53;5.38;3.17;2.21;620.0;2.0
5.43;3.8;1.63;810.0;1.53;5.38;3.17;2.21;620.0;2.0
5.65;3.86;1.79;750.0;1.65;5.38;3.17;2.21;645.0;1.92
5.65;3.86;1.79;750.0;1.65;5.38;3.17;2.21;645.0;1.92
5.65;3.78;1.87;800.0;1.55;5.38;3.17;2.21;645.0;1.92
5.65;3.78;1.87;800.0;1.55;5.38;3.17;2.21;645.0;1.92
5.7;3.9;1.8;775.0;1.6;5.4;3.2;2.2;620.0;2.0
5.82;4.05;1.77;755.0;1.64;5.38;3.17;2.21;620.0;2.0
5.74;4.01;1.73;835.0;1.48;5.38;3.17;2.21;620.0;2.0
5.52;3.97;1.55;832.0;1.49;5.38;3.17;2.21;620.0;2.0
5.52;4.02;1.5;838.0;1.48;5.38;3.17;2.21;620.0;2.0
5.52;3.98;1.54;816.0;1.52;5.38;3.17;2.21;620.0;2.0
5.54;3.97;1.57;795.0;1.56;5.38;3.17;2.21;620.0;2.0
5.45;3.88;1.57;790.0;1.57;5.38;3.17;2.21;620.0;2.0
5.75;4.07;1.68;805.0;1.54;5.38;3.17;2.21;620.0;2.0
5.74;4.01;1.73;800.0;1.55;5.38;3.17;2.21;620.0;2.0
5.66;3.93;1.73;775.0;1.6;5.38;3.17;2.21;620.0;2.0
5.67;3.73;1.94;761.0;1.63;5.38;3.17;2.21;620.0;2.0
5.64;4.04;1.6;945.0;1.31;5.36;3.05;2.31;620.0;2.0
5.6;3.93;1.67;927.0;1.34;5.36;3.05;2.31;620.0;2.0
5.57;3.86;1.71;903.0;1.37;5.36;3.05;2.31;620.0;2.0
5.63;4.1;1.53;910.0;1.36;5.51;3.61;1.9;655.0;1.89
5.76;3.93;1.83;775.0;1.6;5.27;3.45;1.82;660.0;1.88
5.76;3.93;1.83;775.0;1.6;5.27;3.45;1.82;660.0;1.88
5.76;3.93;1.83;775.0;1.6;5.43;3.39;2.04;642.0;1.93
5.76;3.93;1.83;775.0;1.6;5.43;3.39;2.04;642.0;1.93
5.76;3.93;1.83;775.0;1.6;5.46;3.47;1.99;638.0;1.94
5.76;3.93;1.83;775.0;1.6;5.46;3.47;1.99;638.0;1.94
5.63;4.1;1.53;910.0;1.36;5.54;3.61;1.93;646.0;1.92
5.63;4.1;1.53;910.0;1.36;5.6;3.71;1.89;669.0;1.85
5.63;4.1;1.53;910.0;1.36;5.53;3.61;1.92;650.0;1.91
5.63;4.1;1.53;910.0;1.36;5.53;3.62;1.91;652.0;1.9
5.68;3.9;1.78;890.0;1.39;5.53;3.54;1.99;640.0;1.94
5.65;4.1;1.55;910.0;1.36;5.53;3.54;1.99;640.0;1.94
5.65;3.63;2.02;890.0;1.39;5.53;3.54;1.99;640.0;1.94
5.68;3.9;1.78;890.0;1.39;5.53;3.54;1.99;640.0;1.94
5.68;3.9;1.78;890.0;1.39;5.53;3.54;1.99;640.0;1.94
5.66;4.14;1.52;805.0;1.54;5.35;3.0;2.35;636.0;1.95
5.66;4.14;1.52;805.0;1.54;5.35;3.0;2.35;636.0;1.95
5.66;4.14;1.52;805.0;1.54;5.35;3.0;2.35;636.0;1.95
5.66;4.14;1.52;805.0;1.54;5.47;2.97;2.5;632.0;1.96
5.66;4.14;1.52;805.0;1.54;5.47;2.97;2.5;632.0;1.96
5.66;4.14;1.52;805.0;1.54;5.47;2.97;2.5;632.0;1.96
5.53;3.8;1.73;825.0;1.5;5.3;3.5;1.8;631.0;1.965
5.58;3.79;1.79;800.0;1.55;5.3;3.5;1.8;631.0;1.965
5.48;3.83;1.65;800.0;1.55;5.13;3.16;1.97;659.0;1.88
5.48;3.83;1.65;800.0;1.55;5.26;3.08;2.18;649.0;1.91
5.48;3.83;1.65;800.0;1.55;5.26;3.08;2.18;649.0;1.91
5.41;3.81;1.6;816.0;1.52;5.59;3.3;2.29;652.0;1.9
5.41;3.81;1.6;816.0;1.52;5.59;3.3;2.29;652.0;1.9
5.41;3.81;1.6;816.0;1.52;5.59;3.3;2.29;652.0;1.9
5.66;4.23;1.43;1010.0;1.23;5.16;2.79;2.37;650.0;1.91
5.52;3.82;1.7;780.0;1.59;5.17;2.99;2.18;633.0;1.96
5.52;3.82;1.7;780.0;1.59;5.17;2.99;2.18;633.0;1.96
5.44;4.06;1.38;908.0;1.37;5.09;3.13;1.96;640.0;1.94
5.39;3.99;1.4;902.0;1.38;5.09;3.13;1.96;640.0;1.94
5.35;3.94;1.41;898.0;1.38;5.09;3.13;1.96;640.0;1.94
5.44;4.19;1.25;1000.0;1.24;5.21;2.99;2.22;655.0;1.89
5.45;3.88;1.57;920.0;1.35;5.21;2.9;2.31;640.0;1.94
5.43;3.83;1.6;890.0;1.39;5.21;2.9;2.31;640.0;1.94
5.67;3.96;1.71;867.0;1.43;5.36;3.42;1.94;639.0;1.94
5.41;3.69;1.72;750.0;1.65;5.39;3.45;1.94;650.0;1.91
5.56;3.66;1.9;697.0;1.78;5.39;3.45;1.89;650.0;1.91
5.29;3.53;1.76;706.0;1.76;5.39;3.45;1.94;650.0;1.91
5.34;3.62;1.72;748.0;1.66;5.39;3.45;1.94;650.0;1.91
5.49;3.73;1.76;681.0;1.82;5.39;3.45;1.94;650.0;1.91
5.46;3.59;1.87;675.0;1.84;5.39;3.45;1.94;650.0;1.91
5.65;4.1;1.55;915.0;1.36;5.39;3.45;1.94;656.0;1.94
5.41;3.86;1.55;800.0;1.55;5.29;3.38;1.91;650.0;1.91
5.53;3.84;1.69;735.0;1.69;5.29;3.38;1.91;650.0;1.91
5.49;3.73;1.76;705.0;1.76;5.29;3.38;1.91;650.0;1.91
5.55;3.71;1.84;705.0;1.76;5.36;3.42;1.94;650.0;1.91
5.54;3.69;1.85;691.0;1.79;5.36;3.42;1.94;650.0;1.91
5.5;3.65;1.85;699.0;1.77;5.36;3.42;1.94;650.0;1.91
5.55;3.87;1.68;900.0;1.38;5.32;3.08;2.24;642.0;1.93
5.48;3.83;1.65;800.0;1.55;5.31;3.08;2.23;645.0;1.92
5.48;3.83;1.65;800.0;1.55;5.31;3.08;2.23;645.0;1.92
5.48;3.83;1.65;800.0;1.55;5.31;3.08;2.23;645.0;1.92
5.48;3.83;1.65;800.0;1.55;5.28;3.04;2.24;647.0;1.92
5.48;3.83;1.65;800.0;1.55;5.28;3.04;2.24;647.0;1.92
5.48;3.83;1.65;800.0;1.55;5.28;3.04;2.24;647.0;1.92
5.48;3.83;1.65;800.0;1.55;5.28;3.04;2.24;647.0;1.92
5.48;3.83;1.65;800.0;1.55;5.33;3.09;2.24;647.0;1.92
5.48;3.83;1.65;800.0;1.55;5.33;3.09;2.24;647.0;1.92
5.48;3.83;1.65;800.0;1.55;5.33;3.09;2.24;647.0;1.92
5.52;3.82;1.99;780.0;1.59;5.37;2.91;2.46;623.0;1.99
5.62;3.96;1.66;785.0;1.58;5.4;3.24;2.16;650.0;1.91
5.62;3.96;1.66;785.0;1.58;5.4;3.24;2.16;650.0;1.91
5.57;3.92;1.65;784.0;1.58;5.4;3.24;2.16;650.0;1.91
5.57;3.92;1.65;784.0;1.58;5.4;3.24;2.16;650.0;1.91
5.59;3.74;1.85;811.0;1.53;5.48;3.6;1.88;620.0;2.0
5.52;3.82;2.46;780.0;1.59;5.4;3.24;2.18;632.0;1.96
5.51;3.9;1.61;845.0;1.53;5.25;3.18;2.07;625.0;1.98
5.55;3.88;1.67;780.0;1.59;5.25;3.18;2.07;625.0;1.98
5.8;3.87;1.93;770.0;1.61;5.48;3.6;1.88;625.0;1.98
5.65;3.81;1.84;844.0;1.47;5.48;3.6;1.88;625.0;1.98
5.6;3.81;1.79;879.0;1.41;5.48;3.6;1.88;625.0;1.98
5.5;3.93;1.57;885.0;1.4;5.4;3.24;2.16;647.0;1.92
5.53;3.94;1.59;850.0;1.47;5.4;3.24;2.16;647.0;1.92
5.62;3.93;1.69;840.0;1.48;5.4;3.24;2.16;647.0;1.92
5.63;4.06;1.57;803.0;1.54;5.4;3.24;2.16;650.0;1.91
5.63;4.06;1.57;803.0;1.54;5.4;3.24;2.16;650.0;1.91
5.59;3.95;1.64;792.0;1.57;5.4;3.24;2.16;650.0;1.91
5.59;3.95;1.64;792.0;1.57;5.4;3.24;2.16;650.0;1.91
5.58;3.82;1.76;759.0;1.63;5.4;3.24;2.16;650.0;1.91
5.58;3.82;1.76;759.0;1.63;5.4;3.24;2.16;650.0;1.91
5.48;3.97;1.51;844.0;1.47;5.4;3.65;1.75;650.0;1.91
5.44;3.93;1.51;867.0;1.43;5.4;3.65;1.75;650.0;1.91
5.43;3.92;1.51;849.0;1.46;5.4;3.65;1.75;650.0;1.91
5.42;3.86;1.56;825.0;1.5;5.4;3.24;2.16;650.0;1.91
5.41;3.86;1.55;805.0;1.54;5.4;3.24;2.16;650.0;1.91
5.7;3.86;1.84;770.0;1.61;5.4;3.24;2.16;650.0;1.91
5.7;3.86;1.84;770.0;1.61;5.4;3.24;2.16;650.0;1.91
5.5;3.8;1.7;752.0;1.65;5.4;3.24;2.16;650.0;1.91
5.5;3.8;1.7;752.0;1.65;5.4;3.24;2.16;650.0;1.91
5.53;3.8;1.73;825.0;1.5;5.27;3.6;1.67;628.0;1.975
5.69;3.94;1.75;900.0;1.38;5.4;3.24;2.16;628.0;1.97
5.81;3.97;1.84;789.0;1.57;5.45;3.32;2.13;650.0;1.91
5.77;3.89;1.88;779.0;1.59;5.45;3.32;2.13;650.0;1.91
5.66;4.14;1.52;805.0;1.54;5.31;2.94;2.37;632.0;1.96
5.66;4.14;1.52;805.0;1.54;5.31;2.94;2.37;632.0;1.96
5.66;4.14;1.52;805.0;1.54;5.31;2.94;2.37;632.0;1.96
5.66;4.14;1.52;805.0;1.54;5.33;2.98;2.35;632.0;1.96
5.66;4.14;1.52;805.0;1.54;5.33;2.98;2.35;632.0;1.96
5.66;4.14;1.52;805.0;1.54;5.33;2.98;2.35;632.0;1.96
5.52;3.82;2.16;780.0;1.59;5.42;3.29;2.13;624.0;1.98
5.52;3.82;2.13;780.0;1.59;5.46;2.92;1.54;626.0;1.98
5.52;3.82;2.54;780.0;1.59;5.56;3.06;2.5;623.0;1.99
5.51;3.84;1.67;800.0;1.55;5.43;2.98;2.45;643.0;1.93
5.51;3.84;1.67;800.0;1.55;5.43;2.98;2.45;643.0;1.93
5.52;3.82;1.7;780.0;1.59;5.43;2.98;2.45;643.0;1.93
5.52;3.82;1.7;780.0;1.59;5.43;2.98;2.45;643.0;1.93
5.7;4.2;1.5;800.0;1.55;4.89;2.58;2.31;700.0;1.77
5.52;3.82;1.7;780.0;1.59;5.5;3.02;2.48;620.0;2.0
5.52;3.82;1.7;780.0;1.59;5.5;3.02;2.48;620.0;2.0
5.65;4.1;1.55;912.0;1.36;5.34;2.76;2.58;631.0;1.97
5.47;4.2;1.5;800.0;1.55;5.43;3.48;1.95;634.0;1.95
5.7;4.2;1.5;800.0;1.55;5.51;3.56;1.95;634.0;1.95
5.7;4.2;1.5;800.0;1.55;5.57;3.58;1.99;622.0;1.99
5.77;3.97;1.8;950.0;1.31;5.56;3.53;2.03;663.0;1.87
5.68;3.9;1.78;890.0;1.39;5.54;3.52;2.02;635.0;1.95
5.68;3.9;1.78;890.0;1.39;5.54;3.52;2.02;635.0;1.95
5.6;3.85;1.75;800.0;1.55;5.4;3.4;2.0;621.0;2.0
5.7;4.13;1.57;915.0;1.355;5.58;3.68;1.9;626.0;1.98
5.7;4.13;1.57;915.0;1.355;5.61;3.7;1.91;623.0;1.98
5.7;4.13;1.57;915.0;1.355;5.58;3.68;1.9;618.0;2.0
5.7;4.13;1.57;915.0;1.355;5.58;3.68;1.9;617.0;2.01
5.68;3.7;1.58;740.0;1.68;5.4;4.0;1.4;885.0;1.4
5.68;3.89;1.58;740.0;1.68;5.5;3.9;1.6;800.0;1.55
5.68;4.1;1.58;740.0;1.68;5.6;3.8;1.8;674.0;1.84
5.7;3.82;1.88;765.0;1.62;5.17;2.9;2.27;663.0;1.87
5.7;3.82;1.88;765.0;1.62;5.33;2.94;2.39;654.0;1.9
5.64;3.89;1.75;775.0;1.6;5.36;3.04;2.32;672.0;1.85
5.64;4.05;1.59;812.0;1.53;5.38;3.06;2.32;669.0;1.85
5.66;3.95;1.71;804.0;1.54;5.38;3.06;2.32;669.0;1.85
5.64;3.89;1.75;775.0;1.6;5.38;3.06;2.32;669.0;1.85
5.64;3.89;1.75;775.0;1.6;5.41;3.08;2.33;669.0;1.85
5.7;3.82;1.88;765.0;1.62;5.54;2.98;2.56;647.0;1.92
5.65;3.48;2.17;477.0;2.6;5.14;3.14;2.0;653.0;1.9
5.68;4.06;1.62;800.0;1.55;5.2;3.2;2.0;640.0;1.94
6.2;3.6;2.6;800.0;1.55;4.7;2.7;2.0;620.0;2.0
5.5;4.1;1.4;790.0;1.57;4.9;3.1;1.8;650.0;1.91
5.4;3.7;1.7;750.0;1.65;5.0;3.0;2.0;650.0;1.91
5.23;3.81;1.77;700.0;1.77;4.76;2.74;2.02;650.0;1.91
5.23;3.81;1.77;700.0;1.77;4.76;2.74;2.02;650.0;1.91
5.23;3.81;1.77;700.0;1.77;4.76;2.74;2.02;650.0;1.91
6.1;3.9;2.2;570.0;2.18;5.2;3.3;1.9;650.0;1.91
5.53;3.83;1.7;804.0;1.54;4.76;2.74;2.02;650.0;1.91
5.37;3.56;1.81;754.0;1.64;5.0;2.9;2.1;650.0;1.91
5.5;3.59;1.91;680.0;1.82;5.0;2.9;2.1;650.0;1.91
5.99;3.84;2.47;730.0;1.7;5.14;3.14;2.0;650.0;1.91
5.27;3.63;1.64;780.0;1.59;5.0;3.1;1.9;650.0;1.91
5.3;3.59;1.71;775.0;1.6;5.0;3.1;1.9;650.0;1.91
5.38;3.56;1.82;755.0;1.64;5.0;3.1;1.9;650.0;1.91
5.65;3.48;1.55;947.0;1.31;5.0;3.1;1.9;654.0;1.9
5.55;3.87;1.68;894.0;1.39;5.0;3.1;1.9;654.0;1.9
5.42;3.71;1.71;726.0;1.71;5.0;3.1;1.9;654.0;1.9
5.61;3.8;1.81;658.0;1.88;5.14;3.14;2.0;650.0;1.91
5.61;3.8;1.81;658.0;1.88;5.14;3.14;2.0;650.0;1.91
5.37;3.61;1.76;700.0;1.77;5.0;3.1;1.9;623.0;1.99
5.41;3.55;1.86;659.0;1.88;5.0;3.1;1.9;623.0;1.99
5.32;3.23;2.09;605.0;2.05;5.0;3.1;1.9;623.0;1.99
5.34;3.44;1.9;696.0;1.78;5.0;3.0;2.0;650.0;1.91
5.44;3.53;1.91;633.0;1.96;5.0;3.0;2.0;650.0;1.91
5.32;3.49;1.83;674.0;1.84;5.0;3.0;2.0;650.0;1.91
5.25;3.38;1.87;713.0;1.74;5.0;3.0;2.0;650.0;1.91
5.7;3.82;1.88;765.0;1.62;5.68;3.13;2.55;622.0;2.0
5.65;4.1;1.55;910.0;1.36;5.54;3.61;1.93;636.0;1.95
5.52;3.82;1.7;800.0;1.55;5.54;3.61;1.93;636.0;1.95
5.77;4.1;1.67;910.0;1.36;5.41;3.52;1.89;656.0;1.89
5.77;4.1;1.67;910.0;1.36;5.44;3.56;1.88;659.0;1.88
5.77;4.1;1.67;910.0;1.36;5.48;3.6;1.88;659.0;1.88
5.77;4.1;1.67;910.0;1.36;5.5;3.6;1.9;659.0;1.88
5.64;4.07;1.57;900.0;1.38;5.49;3.4;2.09;585.0;2.12
5.75;4.09;1.66;840.0;1.48;5.48;3.42;2.06;602.0;2.06
5.64;4.07;1.57;900.0;1.38;5.48;3.42;2.06;602.0;2.06
5.7;3.99;1.71;800.0;1.55;5.48;3.42;2.06;602.0;2.06
5.64;4.05;1.59;900.0;1.38;5.48;3.42;2.06;602.0;2.06
5.69;4.11;1.58;800.0;1.55;5.48;3.42;2.06;602.0;2.06
5.58;3.98;1.6;805.0;1.54;5.48;3.42;2.06;602.0;2.06
5.47;3.76;1.71;742.0;1.67;5.48;3.42;2.06;602.0;2.06
5.55;3.77;1.78;696.0;1.78;5.48;3.42;2.06;602.0;2.06
5.72;3.83;1.89;689.0;1.8;5.48;3.42;2.06;602.0;2.06
5.34;3.28;2.06;681.0;1.82;5.48;3.42;2.06;602.0;2.06
5.7;4.15;1.55;800.0;1.55;5.64;3.64;2.0;625.0;1.98
5.7;4.15;1.55;800.0;1.55;5.57;3.57;2.0;625.0;1.98
5.7;4.15;1.55;800.0;1.55;5.47;3.47;2.0;640.0;1.94
5.6;4.0;1.6;843.0;1.47;5.19;3.63;1.56;795.0;1.56
5.68;3.91;1.77;900.0;1.38;5.47;3.35;2.12;685.0;1.81
5.68;3.91;1.77;900.0;1.38;5.47;3.35;2.12;685.0;1.81
5.68;3.91;1.77;900.0;1.38;5.47;3.35;2.12;685.0;1.81
5.68;3.91;1.77;900.0;1.38;5.68;3.49;2.19;600.0;2.07
5.68;3.91;1.77;900.0;1.38;5.49;3.36;2.13;678.0;1.83
5.68;3.91;1.77;900.0;1.38;5.49;3.36;2.13;678.0;1.83
5.68;3.91;1.77;900.0;1.38;5.49;3.36;2.13;678.0;1.83
5.68;3.91;1.77;900.0;1.38;5.5;3.38;2.12;698.0;1.85
5.68;3.91;1.77;900.0;1.38;5.5;3.38;2.12;698.0;1.78
5.68;3.91;1.77;900.0;1.38;5.5;3.38;2.12;698.0;1.78
5.68;3.91;1.77;900.0;1.38;5.44;3.34;2.1;670.0;1.85
5.68;3.91;1.77;900.0;1.38;5.44;3.34;2.1;670.0;1.85
5.68;3.91;1.77;900.0;1.38;5.44;3.34;2.1;670.0;1.85
5.68;3.91;1.77;785.0;1.58;5.37;3.59;1.78;700.0;1.77
5.7;3.9;1.8;790.0;1.57;5.37;3.59;1.78;700.0;1.77
5.7;3.9;1.8;790.0;1.57;5.37;3.59;1.78;700.0;1.77
5.68;3.91;1.77;785.0;1.58;5.37;3.59;1.78;700.0;1.77
5.74;3.86;1.88;780.0;1.59;5.37;3.59;1.78;700.0;1.77
5.74;3.86;1.88;780.0;1.59;5.37;3.59;1.78;700.0;1.77
5.68;4.01;1.67;800.0;1.55;5.28;3.48;1.8;700.0;1.77
5.73;3.92;1.81;785.0;1.58;5.28;3.48;1.8;700.0;1.77
5.53;4.0;1.53;770.0;1.69;5.21;3.41;1.8;700.0;1.77
5.53;4.0;1.53;770.0;1.69;5.21;3.41;1.8;700.0;1.77
5.28;3.92;1.36;857.0;1.45;5.21;3.41;1.8;700.0;1.77
5.33;3.89;1.44;849.0;1.46;5.21;3.41;1.8;700.0;1.77
5.33;3.89;1.44;849.0;1.46;5.21;3.41;1.8;700.0;1.77
5.28;3.92;1.36;857.0;1.45;5.21;3.41;1.8;700.0;1.77
5.42;3.94;1.48;890.0;1.39;5.27;3.08;2.19;700.0;1.77
5.42;3.94;1.48;890.0;1.39;5.27;3.08;2.19;700.0;1.77
5.59;3.86;1.73;841.0;1.47;5.27;3.08;2.19;700.0;1.77
5.59;3.86;1.73;841.0;1.47;5.27;3.08;2.19;700.0;1.77
5.42;3.94;1.48;892.0;1.39;5.33;3.29;2.04;700.0;1.77
5.38;4.0;1.38;905.0;1.37;5.33;3.29;2.04;700.0;1.77
5.41;3.97;1.44;879.0;1.41;5.33;3.29;2.04;700.0;1.77
5.6;4.0;1.6;856.0;1.45;5.38;3.5;1.88;700.0;1.77
5.57;4.0;1.57;848.0;1.46;5.38;3.5;1.88;700.0;1.77
5.58;4.03;1.55;841.0;1.47;5.38;3.5;1.88;700.0;1.77
5.86;3.98;1.88;817.0;1.52;5.38;3.5;1.88;700.0;1.77
5.85;4.02;1.83;804.0;1.54;5.38;3.5;1.88;700.0;1.77
5.71;4.09;1.62;845.0;1.47;5.38;3.5;1.88;700.0;1.77
5.85;3.86;1.99;776.0;1.6;5.38;3.5;1.88;700.0;1.77
5.85;3.86;1.99;776.0;1.6;5.38;3.5;1.88;700.0;1.77
5.62;3.99;1.63;910.0;1.36;5.34;3.51;1.83;700.0;1.77
5.64;4.02;1.62;920.0;1.35;5.34;3.51;1.83;700.0;1.77
5.53;3.92;1.61;970.0;1.28;5.34;3.51;1.83;700.0;1.77
5.56;3.82;1.74;910.0;1.36;5.34;3.51;1.83;700.0;1.77
5.58;3.88;1.7;891.0;1.39;5.34;3.51;1.83;700.0;1.77
5.48;3.78;1.7;950.0;1.31;5.34;3.51;1.83;700.0;1.77
5.56;3.99;1.57;902.0;1.37;5.38;3.45;1.93;700.0;1.77
5.52;3.93;1.59;900.0;1.37;5.38;3.45;1.93;700.0;1.77
5.68;4.06;1.62;800.0;1.55;5.28;3.48;1.8;700.0;1.77
5.58;3.98;1.6;795.0;1.56;5.33;3.53;1.8;700.0;1.77
5.56;3.96;1.6;780.0;1.59;5.33;3.53;1.8;700.0;1.77
5.67;3.79;1.88;681.0;1.82;5.33;2.92;2.41;700.0;1.77
5.43;3.71;1.72;761.0;1.63;5.33;2.92;2.41;700.0;1.77
5.5;3.9;1.6;800.0;1.55;5.28;3.48;1.8;700.0;1.77
5.47;3.76;1.71;742.0;1.67;5.28;3.48;1.8;700.0;1.77
5.66;4.23;1.43;1010.0;1.23;5.28;3.48;1.8;700.0;1.77
5.73;3.85;1.88;756.0;1.64;5.33;3.53;1.8;700.0;1.77
5.77;3.87;1.9;747.0;1.66;5.33;3.53;1.8;700.0;1.77
5.8;3.84;1.96;717.0;1.73;5.33;3.53;1.8;700.0;1.77
5.93;3.86;2.07;600.0;2.07;5.33;2.92;2.41;700.0;1.77
5.36;3.89;1.47;853.0;1.45;5.26;3.48;1.78;700.0;1.77
5.4;3.83;1.57;800.0;1.55;5.26;3.48;1.78;700.0;1.77
5.49;3.77;1.72;781.0;1.59;5.33;3.53;1.8;700.0;1.77
5.49;3.77;1.72;781.0;1.59;5.33;3.53;1.8;700.0;1.77
5.49;3.77;1.72;781.0;1.59;5.33;3.53;1.8;700.0;1.77
5.49;3.77;1.72;781.0;1.59;5.33;3.53;1.8;700.0;1.77
5.49;3.77;1.72;781.0;1.59;5.33;3.53;1.8;700.0;1.77
5.63;3.91;1.72;800.0;1.55;5.33;3.29;2.04;682.0;1.82
5.64;3.92;1.72;768.0;1.61;5.47;3.46;2.01;682.0;1.82
5.42;3.94;1.48;900.0;1.38;5.33;2.92;2.41;700.0;1.77
5.36;3.82;1.54;850.0;1.46;5.33;2.92;2.41;700.0;1.77
5.42;3.7;1.72;761.0;1.63;5.33;3.53;1.8;700.0;1.77
5.43;3.71;1.72;752.0;1.65;5.33;3.53;1.8;700.0;1.77
5.59;3.74;1.85;811.0;1.53;5.38;3.57;1.81;700.0;1.77
5.55;3.87;1.68;900.0;1.38;5.38;3.5;1.88;682.0;1.82
5.7;3.92;1.78;761.0;1.63;5.28;3.48;1.8;700.0;1.77
5.7;3.92;1.78;761.0;1.63;5.28;3.48;1.8;700.0;1.77
5.7;3.93;1.77;766.0;1.62;5.28;3.48;1.8;700.0;1.77
5.72;3.86;1.86;725.0;1.71;5.28;3.48;1.8;700.0;1.77
5.56;4.11;1.45;953.0;1.31;5.39;3.48;1.91;682.0;1.82
5.56;4.11;1.45;910.0;1.36;5.39;3.48;1.91;682.0;1.82
5.56;4.11;1.45;900.0;1.38;5.39;3.48;1.91;682.0;1.82
5.45;3.95;1.5;910.0;1.36;5.39;3.48;1.91;682.0;1.82
5.75;4.09;1.66;840.0;1.48;5.39;3.48;1.91;682.0;1.82
5.64;4.07;1.57;900.0;1.38;5.39;3.48;1.91;682.0;1.82
5.7;3.99;1.71;800.0;1.55;5.39;3.48;1.91;682.0;1.82
5.64;4.05;1.59;900.0;1.38;5.39;3.48;1.91;682.0;1.82
5.69;4.11;1.58;800.0;1.55;5.39;3.48;1.91;682.0;1.82
5.58;3.98;1.6;805.0;1.54;5.39;3.48;1.91;682.0;1.82
5.47;3.76;1.71;742.0;1.67;5.39;3.48;1.91;682.0;1.82
5.55;3.77;1.78;696.0;1.78;5.39;3.48;1.91;682.0;1.82
5.72;3.83;1.89;689.0;1.8;5.39;3.48;1.91;682.0;1.82
5.34;3.28;2.06;681.0;1.82;5.39;3.48;1.91;682.0;1.82
5.49;3.86;1.63;780.0;1.59;5.38;3.5;1.88;680.0;1.82
5.49;3.81;1.68;763.0;1.63;5.38;3.5;1.88;680.0;1.82
5.52;3.8;1.72;757.0;1.64;5.38;3.5;1.88;680.0;1.82
5.5;3.76;1.74;741.0;1.67;5.38;3.5;1.88;680.0;1.82
5.62;4.06;1.56;793.0;1.56;5.18;3.38;1.8;682.0;1.82
5.62;4.04;1.58;786.0;1.58;5.18;3.38;1.8;682.0;1.82
5.72;4.13;1.59;780.0;1.59;5.18;3.38;1.8;682.0;1.82
5.42;3.79;1.63;760.0;1.63;5.18;3.38;1.8;682.0;1.82
5.26;3.94;1.32;895.0;1.39;5.26;3.63;1.63;700.0;1.77
5.54;3.9;1.64;797.0;1.56;5.26;3.63;1.63;700.0;1.77
5.2;3.95;1.25;990.0;1.25;5.05;3.28;1.77;702.0;1.77
5.2;3.95;1.25;990.0;1.25;5.05;3.28;1.77;702.0;1.77
5.2;3.9;1.3;955.0;1.3;5.05;3.28;1.77;702.0;1.77
5.2;3.9;1.3;955.0;1.3;5.05;3.28;1.77;702.0;1.77
5.13;3.78;1.35;920.0;1.35;5.05;3.28;1.77;702.0;1.77
5.13;3.78;1.35;920.0;1.35;5.05;3.28;1.77;702.0;1.77
5.44;3.8;1.64;765.0;1.62;5.28;3.48;1.8;700.0;1.77
5.58;3.93;1.65;811.0;1.53;5.33;2.92;2.41;700.0;1.77
5.59;3.91;1.68;790.0;1.57;5.33;2.92;2.41;700.0;1.77
5.57;3.92;1.65;805.0;1.54;5.33;2.92;2.41;700.0;1.77
5.55;3.95;1.6;832.0;1.46;5.2;3.44;1.76;700.0;1.77
5.58;3.96;1.62;873.0;1.42;5.2;3.44;1.76;700.0;1.77
5.55;3.98;1.57;867.0;1.43;5.2;3.44;1.76;700.0;1.77
5.65;3.63;2.02;790.0;1.57;5.23;3.42;1.81;700.0;1.77
5.74;3.86;1.88;800.0;1.55;5.28;3.48;1.8;700.0;1.77
5.82;3.9;1.92;750.0;1.65;5.28;3.48;1.8;700.0;1.77
5.74;3.86;1.88;800.0;1.55;5.28;3.48;1.8;700.0;1.77
5.54;3.84;1.7;913.0;1.34;5.43;3.63;1.8;700.0;1.77
5.62;3.74;1.88;915.0;1.36;5.43;3.63;1.8;700.0;1.77
5.63;4.0;1.63;925.0;1.34;5.23;3.42;1.81;700.0;1.77
5.68;4.0;1.68;747.0;1.66;5.23;3.42;1.81;700.0;1.77
5.63;4.0;1.63;844.0;1.47;5.23;3.42;1.81;700.0;1.77
5.68;3.88;1.8;1075.0;1.15;5.28;3.48;1.8;700.0;1.77
5.59;3.79;1.8;1040.0;1.19;5.28;3.48;1.8;700.0;1.77
5.61;3.62;1.99;850.0;1.45;5.38;3.33;2.05;700.0;1.77
5.3;3.52;1.78;1000.0;1.24;5.38;3.33;2.05;700.0;1.77
5.2;3.48;1.72;950.0;1.31;5.38;3.33;2.05;700.0;1.77
5.68;3.99;1.69;900.0;1.38;5.33;3.63;1.7;700.0;1.77
5.63;3.91;1.72;878.0;1.41;5.33;3.63;1.7;700.0;1.77
5.49;3.9;1.59;918.0;1.35;5.33;3.53;1.8;700.0;1.77
5.53;3.84;1.69;890.0;1.39;5.33;3.53;1.8;700.0;1.77
5.52;3.89;1.63;896.0;1.38;5.33;3.53;1.8;700.0;1.77
5.52;3.8;1.72;870.0;1.41;5.33;3.53;1.8;700.0;1.77
5.59;3.89;1.7;852.0;1.46;5.33;3.51;1.82;700.0;1.77
5.54;3.87;1.67;858.0;1.45;5.33;3.51;1.82;700.0;1.77
5.55;3.85;1.7;902.0;1.38;5.33;3.51;1.82;700.0;1.77
5.45;3.95;1.5;800.0;1.55;5.27;3.5;1.77;695.0;1.78
5.37;3.79;1.58;902.0;1.37;5.33;3.53;1.8;700.0;1.77
5.35;3.77;1.58;892.0;1.39;5.33;3.53;1.8;700.0;1.77
5.54;3.78;1.76;756.0;1.64;5.33;2.92;2.41;700.0;1.77
5.51;3.67;1.84;729.0;1.7;5.33;2.92;2.41;700.0;1.77
5.34;3.88;1.46;863.0;1.44;5.28;3.48;1.8;700.0;1.77
5.33;3.87;1.46;916.0;1.35;5.28;3.48;1.8;700.0;1.77
5.3;3.82;1.48;900.0;1.38;5.28;3.48;1.8;700.0;1.77
5.51;3.9;1.61;923.0;1.34;5.23;3.18;2.05;700.0;1.77
5.55;3.74;1.81;899.0;1.38;5.23;3.18;2.05;700.0;1.77
5.67;3.87;1.8;868.0;1.43;5.23;3.18;2.05;700.0;1.77
5.67;3.83;1.84;872.0;1.42;5.38;3.5;1.88;700.0;1.77
5.68;3.83;1.85;868.0;1.43;5.38;3.5;1.88;700.0;1.77
5.64;3.82;1.82;880.0;1.41;5.38;3.5;1.88;700.0;1.77
5.69;3.84;1.85;866.0;1.43;5.38;3.5;1.88;700.0;1.77
5.32;3.9;1.42;873.0;1.42;5.27;3.48;1.79;700.0;1.77
5.32;3.9;1.42;873.0;1.42;5.27;3.48;1.79;700.0;1.77
5.28;3.83;1.45;856.0;1.45;5.27;3.48;1.79;700.0;1.77
5.28;3.83;1.45;856.0;1.45;5.27;3.48;1.79;700.0;1.77
5.2;3.69;1.51;820.0;1.51;5.27;3.48;1.79;700.0;1.77
5.2;3.69;1.51;820.0;1.51;5.27;3.48;1.79;700.0;1.77
5.76;3.88;1.88;861.0;1.44;5.33;3.48;1.85;695.0;1.78
5.73;3.83;1.9;832.0;1.49;5.33;3.48;1.85;695.0;1.78
5.66;3.82;1.84;834.0;1.49;5.33;3.48;1.85;695.0;1.78
5.65;3.78;1.87;860.0;1.44;5.42;3.5;1.92;700.0;1.77
5.65;3.75;1.9;861.0;1.44;5.42;3.5;1.92;700.0;1.77
5.65;3.76;1.89;865.0;1.45;5.42;3.5;1.92;700.0;1.77
5.65;3.72;1.93;863.0;1.43;5.42;3.5;1.92;700.0;1.77
5.7;4.0;1.7;779.0;1.59;5.52;3.68;1.84;682.0;1.82
5.78;3.97;1.81;779.0;1.59;5.52;3.68;1.84;682.0;1.82
5.57;3.87;1.7;856.0;1.45;5.33;2.92;2.41;700.0;1.77
5.57;3.87;1.7;856.0;1.45;5.33;2.92;2.41;700.0;1.77
5.52;3.82;1.7;827.0;1.5;5.33;2.92;2.41;700.0;1.77
5.52;3.82;1.7;827.0;1.5;5.33;2.92;2.41;700.0;1.77
5.48;3.75;1.73;800.0;1.55;5.33;2.92;2.41;700.0;1.77
5.48;3.75;1.73;800.0;1.55;5.33;2.92;2.41;700.0;1.77
5.38;3.68;1.7;761.0;1.63;5.18;3.37;1.81;700.0;1.77
5.4;3.62;1.78;697.0;1.78;5.18;3.37;1.81;700.0;1.77
5.34;3.58;1.76;700.0;1.77;5.18;3.37;1.81;700.0;1.77
5.65;3.91;1.74;905.0;1.37;5.28;3.48;1.8;698.0;1.77
5.6;4.03;1.57;883.0;1.4;5.28;3.48;1.8;700.0;1.77
5.66;4.0;1.66;848.0;1.46;5.28;3.48;1.8;700.0;1.77
5.52;3.89;1.63;837.0;1.48;5.28;3.48;1.8;700.0;1.77
5.6;3.85;1.75;785.0;1.58;5.28;3.48;1.8;700.0;1.77
5.35;3.95;1.4;856.0;1.44;5.31;3.44;1.87;700.0;1.77
5.38;3.93;1.45;859.0;1.44;5.31;3.44;1.87;700.0;1.77
5.38;3.85;1.53;798.0;1.55;5.31;3.44;1.87;700.0;1.77
5.64;4.12;1.52;948.0;1.31;5.31;3.38;1.93;677.0;1.83
5.54;4.0;1.54;908.0;1.36;5.31;3.38;1.93;683.0;1.82
5.65;3.85;1.8;805.0;1.54;5.33;2.92;2.41;700.0;1.77
5.67;3.87;1.8;801.0;1.55;5.33;2.92;2.41;700.0;1.77
5.73;3.89;1.84;801.0;1.55;5.33;2.92;2.41;700.0;1.77
5.47;3.79;1.68;905.0;1.37;5.23;3.42;1.81;700.0;1.78
5.52;3.84;1.68;838.0;1.48;5.23;3.42;1.81;700.0;1.78
5.54;3.85;1.69;826.0;1.5;5.23;3.42;1.81;700.0;1.78
5.49;3.83;1.66;821.0;1.51;5.23;3.42;1.81;700.0;1.78
5.5;4.06;1.44;879.0;1.41;5.2;3.44;1.76;700.0;1.77
5.58;4.06;1.52;849.0;1.46;5.2;3.44;1.76;700.0;1.77
5.4;4.04;1.36;932.0;1.33;5.2;3.44;1.76;700.0;1.77
5.59;4.01;1.58;873.0;1.42;5.2;3.44;1.76;700.0;1.77
5.41;3.87;1.54;808.0;1.53;5.36;3.54;1.82;700.0;1.77
5.4;3.85;1.55;808.0;1.53;5.36;3.54;1.82;700.0;1.77
5.61;4.01;1.6;745.0;1.66;5.36;3.54;1.82;700.0;1.77
5.49;3.9;1.59;743.0;1.66;5.36;3.54;1.82;700.0;1.77
5.47;3.83;1.64;780.0;1.69;5.36;3.54;1.82;700.0;1.77
5.46;3.81;1.65;780.0;1.69;5.36;3.54;1.82;700.0;1.77
5.54;4.11;1.43;867.0;1.43;5.28;3.48;1.8;700.0;1.77
5.51;4.07;1.44;860.0;1.44;5.28;3.48;1.8;700.0;1.77
5.41;3.84;1.57;790.0;1.57;5.28;3.48;1.8;700.0;1.77
5.51;3.84;1.67;867.0;1.43;5.33;3.53;1.8;700.0;1.77
5.47;3.81;1.66;844.0;1.47;5.33;3.53;1.8;700.0;1.77
5.42;3.77;1.65;821.0;1.51;5.33;3.53;1.8;700.0;1.77
5.52;4.0;1.52;833.0;1.49;5.36;3.54;1.82;700.0;1.77
5.41;3.87;1.54;808.0;1.53;5.36;3.54;1.82;700.0;1.77
5.38;3.78;1.6;782.0;1.58;5.36;3.54;1.82;700.0;1.77
5.38;3.78;1.6;782.0;1.58;5.36;3.54;1.82;700.0;1.77
5.51;3.95;1.56;939.0;1.32;5.33;3.29;2.04;700.0;1.77
5.54;3.94;1.6;899.0;1.38;5.33;3.29;2.04;700.0;1.77
5.47;3.82;1.65;861.0;1.44;5.33;3.29;2.04;700.0;1.77
5.58;3.98;1.6;934.0;1.32;5.38;3.5;1.88;700.0;1.77
5.46;3.73;1.58;817.0;1.52;5.38;3.5;1.88;700.0;1.77
5.42;3.84;1.62;895.0;1.38;5.38;3.5;1.88;700.0;1.77
5.55;3.87;1.68;884.0;1.4;5.38;3.5;1.88;700.0;1.77
5.33;3.53;1.8;910.0;1.36;5.53;3.54;1.99;700.0;1.77
5.33;3.53;1.8;910.0;1.36;5.53;3.54;1.99;702.0;1.666
5.53;3.87;1.83;800.0;1.55;5.33;3.53;1.8;700.0;1.77
5.5;3.67;1.66;739.0;1.68;5.33;3.53;1.8;700.0;1.77
5.49;3.83;1.66;875.0;1.42;5.33;2.92;2.41;700.0;1.77
5.33;3.72;1.61;895.0;1.39;5.33;2.92;2.41;700.0;1.77
5.36;3.71;1.65;893.0;1.39;5.33;2.92;2.41;700.0;1.77
5.38;3.73;1.65;860.0;1.44;5.33;2.92;2.41;700.0;1.77
5.53;3.79;1.74;750.0;1.65;5.33;2.92;2.41;700.0;1.77
5.67;3.96;1.71;867.0;1.43;5.28;3.48;1.8;700.0;1.77
5.69;4.11;1.58;800.0;1.55;5.39;3.48;1.91;700.0;1.77
5.69;4.11;1.58;800.0;1.55;5.39;3.48;1.91;700.0;1.77
5.62;4.09;1.53;775.0;1.6;5.28;3.48;1.8;700.0;1.77
5.52;3.77;1.75;748.0;1.66;5.33;2.92;2.41;700.0;1.77
5.58;3.76;1.82;741.0;1.67;5.33;2.92;2.41;700.0;1.77
5.53;3.73;1.8;711.0;1.74;5.33;2.92;2.41;700.0;1.77
5.53;3.7;1.83;726.0;1.71;5.33;2.92;2.41;700.0;1.77
5.73;4.08;1.65;855.0;1.45;5.33;3.53;1.8;700.0;1.77
5.58;4.06;1.52;785.0;1.58;5.33;3.53;1.8;700.0;1.77
5.58;4.06;1.52;785.0;1.58;5.33;3.53;1.8;700.0;1.77
5.73;4.08;1.65;855.0;1.45;5.33;3.53;1.8;700.0;1.77
5.42;3.86;1.56;825.0;1.5;5.33;2.92;2.41;680.0;1.82
5.41;3.86;1.55;805.0;1.54;5.33;2.92;2.41;680.0;1.82
5.61;3.99;1.62;768.0;1.61;5.33;3.53;1.8;700.0;1.77
5.6;3.92;1.68;756.0;1.64;5.33;3.53;1.8;700.0;1.77
5.59;3.86;1.73;732.0;1.69;5.33;3.53;1.8;700.0;1.77
5.56;4.01;1.55;953.0;1.3;5.33;3.53;1.8;700.0;1.77
5.56;4.01;1.55;953.0;1.3;5.33;3.53;1.8;700.0;1.77
5.56;4.01;1.55;953.0;1.3;5.33;3.53;1.8;700.0;1.77
5.56;4.01;1.55;953.0;1.3;5.33;3.53;1.8;700.0;1.77
5.56;4.01;1.55;953.0;1.3;5.33;3.53;1.8;700.0;1.77
5.6;3.87;1.73;775.0;1.6;5.34;3.32;2.02;700.0;1.77
5.51;3.96;1.55;861.0;1.44;5.33;3.29;2.04;700.0;1.77
5.46;4.04;1.42;873.0;1.42;5.33;3.29;2.04;700.0;1.77
5.4;4.07;1.33;867.0;1.43;5.33;3.29;2.04;700.0;1.77
5.61;4.11;1.5;793.0;1.56;5.28;3.48;1.8;700.0;1.77
5.54;3.97;1.57;793.0;1.56;5.28;3.48;1.8;700.0;1.77
5.54;3.89;1.65;968.0;1.28;5.52;3.68;1.84;700.0;1.77
5.98;4.31;1.67;897.0;1.38;5.28;3.42;1.86;700.0;1.77
5.89;4.27;1.62;907.0;1.37;5.23;3.42;1.81;700.0;1.77
5.92;4.23;1.69;902.0;1.37;5.28;3.42;1.86;700.0;1.77
5.56;3.86;1.7;868.0;1.43;5.28;3.48;1.8;700.0;1.77
5.52;3.8;1.72;859.0;1.44;5.28;3.48;1.8;700.0;1.77
5.47;3.71;1.76;837.0;1.48;5.28;3.48;1.8;700.0;1.77
5.54;3.98;1.56;870.0;1.43;5.5;3.57;1.93;700.0;1.77
5.53;3.97;1.56;895.0;1.39;5.5;3.57;1.93;700.0;1.77
5.42;3.92;1.5;820.0;1.51;5.51;3.57;1.94;698.0;1.78
5.4;3.87;1.53;800.0;1.55;5.51;3.57;1.94;698.0;1.78
5.4;3.78;1.62;770.0;1.61;5.51;3.57;1.94;698.0;1.78
5.35;3.69;1.66;745.0;1.66;5.51;3.57;1.94;698.0;1.78
5.66;4.14;1.52;826.0;1.5;5.51;3.57;1.94;690.0;1.8
5.73;3.89;1.84;778.0;1.59;5.52;3.57;1.95;680.0;1.82
5.7;3.88;1.82;794.0;1.56;5.52;3.57;1.95;680.0;1.82
5.35;3.97;1.38;895.0;1.39;5.51;3.57;1.94;690.0;1.8
5.66;4.14;1.52;880.0;1.41;5.51;3.57;1.94;690.0;1.8
5.3;3.85;1.45;842.0;1.42;5.51;3.57;1.94;690.0;1.8
5.79;3.99;1.8;785.0;1.58;5.51;3.71;1.8;695.0;1.78
5.74;3.91;1.83;756.0;1.64;5.51;3.71;1.8;695.0;1.78
5.65;3.91;1.74;905.0;1.37;5.51;3.57;1.94;680.0;1.82
5.64;4.12;1.52;948.0;1.31;5.53;3.69;1.84;677.0;1.83
5.54;4.0;1.54;908.0;1.36;5.53;3.69;1.84;683.0;1.82
5.66;4.14;1.52;750.0;1.65;5.52;3.57;1.95;680.0;1.82
5.66;3.95;1.52;750.0;1.65;5.52;3.57;1.95;680.0;1.82
5.6;3.87;1.73;775.0;1.6;5.52;3.57;1.95;680.0;1.82
5.4;3.87;1.53;800.0;1.55;5.47;3.67;1.8;700.0;1.77
5.4;3.78;1.62;770.0;1.61;5.47;3.67;1.8;700.0;1.77
5.35;3.69;1.66;745.0;1.66;5.47;3.67;1.8;700.0;1.77
5.75;4.06;1.69;826.0;1.5;5.56;3.5;2.06;690.0;1.8
5.68;3.9;1.78;900.0;1.38;5.45;3.65;1.8;680.0;1.82
5.68;3.9;1.78;900.0;1.38;5.45;3.65;1.8;680.0;1.82
5.68;3.9;1.78;900.0;1.38;5.45;3.65;1.8;680.0;1.82
5.68;3.9;1.78;900.0;1.38;5.45;3.65;1.8;680.0;1.82
5.68;3.9;1.78;900.0;1.38;5.45;3.65;1.8;680.0;1.82
5.68;3.9;1.78;900.0;1.38;5.45;3.65;1.8;680.0;1.82
5.6;4.03;1.57;883.0;1.4;5.45;3.65;1.8;680.0;1.82
5.66;4.0;1.66;848.0;1.46;5.45;3.65;1.8;680.0;1.82
5.52;3.89;1.63;837.0;1.48;5.45;3.65;1.8;680.0;1.82
5.6;3.85;1.75;785.0;1.58;5.45;3.65;1.8;680.0;1.82
5.54;3.98;1.56;870.0;1.43;5.5;3.61;1.89;685.0;1.81
5.53;3.97;1.56;895.0;1.39;5.5;3.61;1.89;685.0;1.81
5.42;3.92;1.5;820.0;1.51;5.47;3.67;1.8;700.0;1.77
5.62;4.05;1.57;917.0;1.35;5.48;3.6;1.88;700.0;1.77
5.56;3.99;1.57;902.0;1.37;5.48;3.6;1.88;700.0;1.77
5.52;3.93;1.59;900.0;1.37;5.48;3.6;1.88;700.0;1.77
5.68;3.9;1.78;892.0;1.39;5.53;3.44;2.09;700.0;1.77
5.64;4.05;1.59;910.0;1.36;5.48;3.64;1.64;700.0;1.77
5.64;4.05;1.59;910.0;1.36;5.48;3.64;1.64;700.0;1.77
5.65;4.1;1.55;910.0;1.36;5.47;3.63;1.84;700.0;1.77
5.64;4.05;1.59;910.0;1.36;5.48;3.64;1.64;700.0;1.77
5.65;4.1;1.55;910.0;1.36;5.47;3.63;1.84;700.0;1.77
5.65;4.1;1.55;910.0;1.36;5.47;3.63;1.84;700.0;1.77
5.65;4.1;1.55;910.0;1.36;5.45;3.65;1.8;700.0;1.77
5.65;4.1;1.55;910.0;1.36;5.45;3.65;1.8;700.0;1.77
5.68;3.92;1.76;800.0;1.55;5.45;3.65;1.8;700.0;1.77
5.68;3.92;1.76;800.0;1.55;5.45;3.65;1.8;700.0;1.77
5.68;3.92;1.76;800.0;1.55;5.45;3.65;1.8;700.0;1.77
5.68;3.92;1.76;800.0;1.55;5.45;3.65;1.8;700.0;1.77
5.68;3.92;1.76;800.0;1.55;5.45;3.65;1.8;700.0;1.77
5.68;3.92;1.76;800.0;1.55;5.45;3.65;1.8;700.0;1.77
5.68;3.9;1.78;910.0;1.36;5.45;3.65;1.8;700.0;1.77
5.68;3.9;1.78;910.0;1.36;5.45;3.65;1.8;700.0;1.77
5.68;3.9;1.78;910.0;1.36;5.45;3.65;1.8;700.0;1.77
5.68;3.9;1.78;910.0;1.36;5.45;3.65;1.8;700.0;1.77
5.7;3.99;1.71;840.0;1.48;5.43;3.68;1.75;680.0;1.82
5.46;3.96;1.5;866.0;1.43;5.43;3.68;1.95;680.0;1.82
5.68;3.9;1.78;910.0;1.36;5.49;3.47;1.02;700.0;1.77
5.68;3.9;1.78;910.0;1.36;5.49;3.47;1.02;700.0;1.77
5.68;3.9;1.78;910.0;1.36;5.49;3.47;1.02;700.0;1.77
5.7;4.1;1.6;880.0;1.41;5.5;3.66;1.84;680.0;1.82
5.58;3.91;1.67;895.0;1.38;5.5;3.66;1.84;680.0;1.82
5.55;3.95;1.6;860.0;1.44;5.5;3.66;1.84;680.0;1.82
5.65;4.1;1.55;945.0;1.31;5.48;3.64;1.84;700.0;1.77
5.55;4.01;1.54;905.0;1.37;5.48;3.64;1.84;700.0;1.77
5.65;4.01;1.64;930.0;1.33;5.48;3.64;1.84;700.0;1.77
5.72;3.89;1.83;912.0;1.36;5.4;2.85;2.55;684.0;1.81
5.64;3.76;1.88;900.0;1.38;5.52;3.55;1.97;700.0;1.77
5.63;3.73;1.9;890.0;1.39;5.52;3.55;1.97;700.0;1.77
5.62;3.69;1.93;875.0;1.42;5.52;3.55;1.97;700.0;1.77
5.65;3.9;1.75;906.0;1.369;5.46;3.56;1.9;700.0;1.77
5.72;3.95;1.77;901.0;1.376;5.46;3.56;1.9;700.0;1.77
5.75;3.95;1.8;899.0;1.379;5.46;3.56;1.9;700.0;1.77
5.7;3.93;1.77;892.0;1.39;5.46;3.56;1.9;700.0;1.77
5.67;4.1;1.57;900.0;1.38;5.41;3.47;1.94;700.0;1.77
5.67;4.1;1.57;900.0;1.38;5.41;3.47;1.94;700.0;1.77
5.67;4.1;1.57;900.0;1.38;5.41;3.47;1.94;700.0;1.77
5.68;3.92;1.76;900.0;1.38;5.43;3.41;2.02;686.0;1.81
5.65;4.1;1.55;910.0;1.36;5.56;3.5;2.06;685.0;1.81
5.65;4.1;1.55;910.0;1.36;5.56;3.5;2.06;685.0;1.81
5.64;4.05;1.59;900.0;1.38;5.43;3.54;1.72;685.0;1.81
5.64;4.05;1.59;900.0;1.38;5.43;3.54;1.72;685.0;1.81
5.68;3.89;1.79;910.0;1.36;5.43;3.54;1.89;685.0;1.81
5.68;3.89;1.79;910.0;1.36;5.43;3.54;1.89;685.0;1.81
5.68;3.89;1.79;910.0;1.36;5.43;3.54;2.06;685.0;1.81
5.64;4.07;1.57;900.0;1.38;5.51;3.65;1.86;675.0;1.837
5.65;4.1;1.55;912.0;1.36;5.51;3.65;1.86;675.0;1.837
5.68;3.9;1.78;910.0;1.36;5.51;3.65;1.86;675.0;1.837
5.7;3.99;1.71;800.0;1.55;5.55;3.7;1.85;675.0;1.837
5.57;4.1;1.47;912.0;1.36;5.48;3.65;1.83;680.0;1.82
5.59;4.01;1.58;900.0;1.38;5.48;3.65;1.83;680.0;1.82
5.59;3.95;1.64;927.0;1.34;5.48;3.64;1.84;700.0;1.77
5.58;3.94;1.65;920.0;1.35;5.48;3.64;1.84;700.0;1.77
5.61;3.94;1.68;931.0;1.33;5.48;3.64;1.84;700.0;1.77
5.56;3.96;1.63;924.0;1.34;5.48;3.64;1.84;700.0;1.77
5.68;3.91;1.77;900.0;1.38;5.43;3.34;2.09;689.0;1.8
5.65;4.1;1.55;912.0;1.36;5.48;3.64;1.84;680.0;1.82
5.65;4.1;1.55;912.0;1.36;5.48;3.64;1.84;680.0;1.82
5.65;3.63;2.02;940.0;1.32;5.48;3.64;1.84;680.0;1.82
5.65;3.63;2.02;940.0;1.32;5.48;3.64;1.84;680.0;1.82
5.75;3.89;1.85;900.0;1.38;5.48;3.64;1.84;680.0;1.82
5.68;3.91;1.77;900.0;1.38;5.48;3.64;1.84;680.0;1.82
5.68;3.91;1.77;900.0;1.38;5.48;3.64;1.84;680.0;1.82
5.68;3.91;1.77;900.0;1.38;5.48;3.64;1.84;680.0;1.82
5.61;3.72;1.89;896.0;1.38;5.48;3.64;1.84;680.0;1.82
5.61;3.72;1.89;896.0;1.38;5.48;3.64;1.84;680.0;1.82
5.52;4.1;1.42;873.0;1.42;5.15;3.22;1.93;705.0;1.76
5.58;4.14;1.44;861.0;1.44;5.15;3.22;1.93;705.0;1.76
5.69;3.9;1.79;904.0;1.37;5.46;3.56;1.9;680.0;1.82
5.74;3.87;1.87;885.0;1.4;5.46;3.56;1.9;680.0;1.82
5.64;3.82;1.82;895.0;1.39;5.49;3.61;1.88;680.0;1.82
5.67;3.84;1.83;892.0;1.39;5.49;3.61;1.88;680.0;1.82
5.68;3.81;1.87;885.0;1.4;5.49;3.61;1.88;680.0;1.82
5.6;3.95;1.65;1013.0;1.22;5.47;3.67;1.8;682.0;1.82
5.56;3.83;1.73;1002.0;1.24;5.47;3.67;1.8;682.0;1.82
5.71;3.96;1.75;734.0;1.61;5.45;3.65;1.8;680.0;1.82
5.51;3.77;1.74;729.0;1.7;5.45;3.65;1.8;680.0;1.82
5.75;4.06;1.69;850.0;1.46;5.45;3.65;1.8;680.0;1.82
5.66;4.03;1.63;800.0;1.55;5.45;3.65;1.8;680.0;1.82
5.58;4.01;1.57;840.0;1.48;5.45;3.65;1.8;680.0;1.82
5.62;3.96;1.66;798.0;1.55;5.45;3.65;1.8;680.0;1.82
5.58;3.93;1.65;811.0;1.53;5.56;3.5;2.06;680.0;1.82
5.79;3.87;1.92;790.0;1.57;5.54;3.65;1.89;680.0;1.82
5.59;3.86;1.73;834.0;1.49;5.54;3.65;1.89;680.0;1.82
5.79;4.03;1.76;930.0;1.33;5.45;3.65;1.8;680.0;1.82
5.8;4.04;1.76;934.0;1.33;5.45;3.65;1.8;680.0;1.82
5.79;4.0;1.79;898.0;1.38;5.45;3.65;1.8;680.0;1.82
5.71;3.89;1.82;922.0;1.35;5.6;3.51;2.09;680.0;1.82
5.71;3.84;1.87;870.0;1.43;5.6;3.51;2.09;680.0;1.82
5.73;3.76;1.97;858.0;1.45;5.6;3.51;2.09;680.0;1.82
5.81;3.95;1.86;918.0;1.35;5.6;3.51;2.09;680.0;1.82
5.81;3.9;1.91;882.0;1.41;5.6;3.51;2.09;680.0;1.82
5.83;3.9;1.93;869.0;1.43;5.6;3.51;2.09;680.0;1.82
5.84;3.9;1.94;878.0;1.41;5.6;3.51;2.09;680.0;1.82
5.85;3.79;2.06;818.0;1.52;5.6;3.51;2.09;680.0;1.82
5.99;4.05;1.94;800.0;1.55;5.5;3.61;1.89;690.0;1.8
5.99;4.05;1.94;800.0;1.55;5.5;3.61;1.89;690.0;1.8
5.99;4.05;1.94;800.0;1.55;5.5;3.61;1.89;690.0;1.8
5.99;4.05;1.94;800.0;1.55;5.5;3.61;1.89;690.0;1.8
5.6;4.1;1.5;910.0;1.36;5.5;3.61;1.89;690.0;1.8
5.6;4.1;1.5;910.0;1.36;5.5;3.61;1.89;690.0;1.8
5.6;4.1;1.5;910.0;1.36;5.5;3.61;1.89;690.0;1.8
5.6;4.1;1.5;910.0;1.36;5.5;3.61;1.89;690.0;1.8
5.58;4.01;1.57;840.0;1.47;5.5;3.61;1.89;690.0;1.8
5.58;4.01;1.57;840.0;1.47;5.5;3.61;1.89;690.0;1.8
5.58;4.01;1.57;840.0;1.47;5.5;3.61;1.89;690.0;1.8
5.58;4.01;1.57;840.0;1.47;5.5;3.61;1.89;690.0;1.8
5.66;3.7;1.96;892.0;1.39;5.15;3.22;1.93;690.0;1.8
5.66;3.7;1.96;892.0;1.39;5.15;3.22;1.93;690.0;1.8
5.66;3.7;1.96;892.0;1.39;5.15;3.22;1.93;690.0;1.8
5.66;3.7;1.96;892.0;1.39;5.15;3.22;1.93;690.0;1.8
5.68;4.37;1.31;941.0;1.31;5.48;3.64;1.84;680.0;1.82
5.55;4.23;1.32;939.0;1.32;5.48;3.64;1.84;680.0;1.82
5.45;4.1;1.35;920.0;1.35;5.48;3.64;1.84;680.0;1.82
5.65;3.9;1.75;906.0;1.37;5.53;2.81;2.72;680.0;1.82
5.66;3.89;1.77;886.0;1.4;5.53;2.81;2.72;680.0;1.82
5.65;3.87;1.78;877.0;1.41;5.53;2.81;2.72;680.0;1.82
5.65;4.1;1.55;910.0;1.36;5.41;3.47;1.94;680.0;1.82
5.65;4.1;1.55;900.0;1.38;5.41;3.47;1.94;680.0;1.82
5.69;4.03;1.66;900.0;1.38;5.51;3.65;1.86;680.0;1.82
5.72;4.01;1.71;903.0;1.37;5.51;3.65;1.86;680.0;1.82
5.76;4.03;1.73;910.0;1.36;5.53;3.75;1.78;675.0;1.84
5.49;3.91;1.58;969.0;1.28;5.5;3.6;1.9;680.0;1.82
5.6;3.91;1.69;892.0;1.39;5.5;3.6;1.9;680.0;1.82
5.61;3.92;1.69;955.0;1.3;5.53;2.81;2.72;680.0;1.82
5.64;3.92;1.72;949.0;1.31;5.53;2.81;2.72;680.0;1.82
5.63;3.87;1.76;911.0;1.36;5.53;2.81;2.72;680.0;1.82
5.68;3.85;1.83;890.0;1.39;5.46;3.56;1.9;680.0;1.82
5.64;3.83;1.81;900.0;1.38;5.46;3.56;1.9;680.0;1.82
5.64;4.05;1.59;900.0;1.38;5.49;3.47;2.02;680.0;1.82
5.64;4.05;1.59;900.0;1.38;5.49;3.47;2.02;680.0;1.82
5.78;3.95;1.83;910.0;1.36;5.53;3.55;1.98;680.0;1.82
5.77;3.91;1.86;890.0;1.39;5.53;3.55;1.98;680.0;1.82
5.8;3.71;2.09;865.0;1.43;5.53;3.55;1.98;680.0;1.82
5.67;3.89;1.78;898.0;1.38;5.45;3.53;1.92;680.0;1.82
5.65;3.85;1.8;910.0;1.36;5.43;3.41;2.02;680.0;1.82
5.61;3.93;1.68;895.0;1.39;5.45;3.53;1.92;682.0;1.82
5.63;3.93;1.7;894.0;1.39;5.45;3.53;1.92;682.0;1.82
5.64;3.93;1.71;893.0;1.39;5.45;3.53;1.92;682.0;1.82
5.64;3.93;1.71;893.0;1.39;5.45;3.53;1.92;682.0;1.82
5.75;3.79;1.96;915.0;1.36;5.58;3.63;1.95;680.0;1.82
5.67;3.78;1.89;903.0;1.37;5.58;3.63;1.95;680.0;1.82
5.72;3.79;1.93;903.0;1.37;5.58;3.63;1.95;680.0;1.82
5.52;4.1;1.42;900.0;1.38;5.15;3.22;1.93;682.0;1.82
5.66;3.7;1.96;892.0;1.39;5.15;3.22;1.93;682.0;1.82
5.66;3.7;1.96;892.0;1.39;5.15;3.22;1.93;682.0;1.82
5.52;4.1;1.42;905.0;1.37;5.15;3.22;1.93;682.0;1.82
5.52;4.1;1.42;905.0;1.37;5.15;3.22;1.93;682.0;1.82
5.68;3.9;1.78;910.0;1.36;5.15;3.22;1.93;682.0;1.82
5.68;3.9;1.78;910.0;1.36;5.15;3.22;1.93;682.0;1.82
5.66;4.09;1.57;892.0;1.39;5.15;3.22;1.93;627.0;1.98
5.66;4.09;1.57;892.0;1.39;5.15;3.22;1.93;627.0;1.98
5.8;4.06;1.74;750.0;1.65;5.5;3.63;1.87;680.0;1.82
5.65;4.03;1.62;850.0;1.46;5.5;3.63;1.87;680.0;1.82
5.65;4.09;1.56;950.0;1.31;5.52;3.61;1.91;680.0;1.82
5.75;4.09;1.66;840.0;1.48;5.51;3.57;1.94;682.0;1.82
5.65;4.02;1.63;930.0;1.33;5.51;3.57;1.94;682.0;1.82
5.68;3.88;1.8;950.0;1.31;5.51;3.57;1.94;682.0;1.82
5.66;4.14;1.52;810.0;1.53;5.51;3.57;1.94;682.0;1.82
5.65;4.0;1.65;898.0;1.38;5.51;3.57;1.94;682.0;1.82
5.69;4.11;1.58;798.0;1.55;5.51;3.57;1.94;682.0;1.82
5.69;4.04;1.65;892.0;1.39;5.45;3.64;1.81;682.0;1.82
5.7;4.01;1.69;884.0;1.4;5.45;3.64;1.81;682.0;1.82
5.68;4.01;1.67;874.0;1.42;5.45;3.64;1.81;682.0;1.82
5.65;4.1;1.55;910.0;1.36;5.5;3.6;1.9;668.0;1.85
5.71;3.89;1.82;910.0;1.36;5.48;3.64;1.84;680.0;1.82
5.68;3.92;1.76;900.0;1.38;5.48;3.64;1.84;680.0;1.82
5.57;4.1;1.47;900.0;1.38;5.48;3.64;1.84;680.0;1.82
5.68;3.9;1.78;900.0;1.38;5.48;3.64;1.84;680.0;1.82
5.64;3.82;1.82;895.0;1.39;5.48;3.64;1.84;680.0;1.82
5.61;3.72;1.89;896.0;1.38;5.48;3.64;1.84;680.0;1.82
5.52;3.83;1.69;950.0;1.31;5.45;3.64;1.81;680.0;1.82
5.52;3.83;1.69;861.0;1.44;5.45;3.64;1.81;680.0;1.82
5.52;3.83;1.69;950.0;1.31;5.45;3.64;1.81;680.0;1.82
5.52;3.83;1.69;861.0;1.44;5.45;3.64;1.81;680.0;1.82
5.65;4.1;1.55;912.0;1.36;5.47;3.63;1.84;674.0;1.84
5.69;4.05;1.64;912.0;1.36;5.52;3.61;1.91;678.0;1.83
5.59;4.02;1.57;856.0;1.47;5.52;3.61;1.91;678.0;1.83
5.56;4.0;1.56;846.0;1.45;5.52;3.61;1.91;678.0;1.83
5.54;3.97;1.57;848.0;1.46;5.52;3.61;1.91;678.0;1.83
5.62;4.11;1.51;910.0;1.36;5.47;3.56;1.91;680.0;1.82
5.62;4.11;1.51;910.0;1.36;5.47;3.56;1.91;680.0;1.82
5.6;3.96;1.64;959.0;1.3;5.42;3.55;1.87;682.0;1.82
5.65;3.9;1.75;950.0;1.31;5.42;3.55;1.87;682.0;1.82
5.59;3.95;1.64;952.0;1.3;5.42;3.55;1.87;682.0;1.82
5.65;4.1;1.55;931.0;1.33;5.56;3.5;2.06;685.0;1.81
5.65;4.1;1.55;931.0;1.33;5.56;3.5;2.06;685.0;1.81
5.65;4.1;1.55;931.0;1.33;5.56;3.5;2.06;685.0;1.81
5.65;4.1;1.55;931.0;1.33;5.56;3.5;2.06;685.0;1.81
5.85;3.82;2.03;930.0;1.33;5.46;3.56;1.9;682.0;1.82
5.83;3.81;2.02;926.0;1.34;5.46;3.56;1.9;682.0;1.82
5.67;3.95;1.72;918.0;1.35;5.45;3.5;1.95;682.0;1.82
5.65;3.84;1.81;885.0;1.4;5.49;3.61;1.88;680.0;1.82
5.65;3.84;1.81;885.0;1.4;5.49;3.61;1.88;680.0;1.82
5.67;3.84;1.83;880.0;1.41;5.49;3.61;1.88;680.0;1.82
5.65;3.84;1.81;885.0;1.4;5.49;3.61;1.88;680.0;1.82
5.66;4.07;1.59;944.0;1.31;5.51;3.65;1.86;680.0;1.82
5.67;4.05;1.62;916.0;1.35;5.51;3.65;1.86;680.0;1.82
5.71;4.02;1.69;913.0;1.36;5.51;3.65;1.86;680.0;1.82
5.63;4.03;1.6;914.0;1.36;5.51;3.65;1.86;680.0;1.82
5.71;4.02;1.69;907.0;1.37;5.51;3.65;1.86;680.0;1.82
5.72;4.01;1.71;903.0;1.37;5.51;3.65;1.86;680.0;1.82
5.73;3.99;1.74;898.0;1.38;5.51;3.65;1.86;680.0;1.82
5.65;4.05;1.6;900.0;1.38;5.45;3.65;1.8;680.0;1.82
5.63;4.03;1.6;914.0;1.36;5.45;3.65;1.8;680.0;1.82
5.65;4.05;1.6;908.0;1.36;5.45;3.65;1.8;680.0;1.82
5.64;4.05;1.59;900.0;1.38;5.45;3.65;1.8;680.0;1.82
5.63;4.03;1.6;914.0;1.36;5.45;3.65;1.8;680.0;1.82
5.64;4.05;1.59;900.0;1.38;5.45;3.65;1.8;680.0;1.82
5.68;3.9;1.78;910.0;1.36;5.48;3.64;1.8;680.0;1.82
5.68;3.9;1.78;910.0;1.36;5.48;3.64;1.8;680.0;1.82
5.64;4.05;1.59;900.0;1.38;5.48;3.64;1.64;680.0;1.82
5.68;3.96;1.72;898.0;1.38;5.48;3.64;1.64;680.0;1.82
5.68;3.9;1.78;910.0;1.36;5.49;3.67;1.82;680.0;1.82
5.68;3.9;1.78;912.0;1.36;5.49;3.67;1.82;682.0;1.82
5.68;3.9;1.78;917.0;1.35;5.49;3.67;1.82;684.0;1.81
5.68;3.9;1.78;914.0;1.36;5.49;3.67;1.82;683.0;1.81
5.68;3.9;1.78;910.0;1.36;5.49;3.67;1.82;680.0;1.82
5.68;3.9;1.78;920.0;1.35;5.49;3.67;1.82;685.0;1.81
5.69;3.95;1.74;1000.0;1.24;5.48;3.65;1.83;680.0;1.82
5.63;3.91;1.72;939.0;1.32;5.48;3.65;1.83;680.0;1.82
5.66;3.93;1.73;943.0;1.31;5.48;3.65;1.83;680.0;1.82
5.79;3.99;1.8;785.0;1.58;5.47;3.67;1.8;700.0;1.77
5.74;3.91;1.83;756.0;1.64;5.47;3.67;1.8;700.0;1.77
5.63;3.88;1.75;932.0;1.33;5.49;3.47;2.02;700.0;1.77
5.64;3.83;1.81;932.0;1.33;5.49;3.47;2.02;700.0;1.77
5.74;3.93;1.81;900.0;1.38;5.47;3.58;1.89;680.0;1.82
5.72;3.92;1.8;910.0;1.36;5.47;3.58;1.89;680.0;1.82
5.72;3.92;1.8;912.0;1.36;5.47;3.58;1.89;680.0;1.82
5.71;3.91;1.8;915.0;1.35;5.47;3.58;1.89;680.0;1.82
5.64;3.99;1.65;932.0;1.33;5.55;3.6;1.95;682.0;1.82
5.66;3.96;1.7;910.0;1.36;5.55;3.6;1.95;682.0;1.82
5.65;3.97;1.68;932.0;1.33;5.55;3.6;1.95;682.0;1.82
5.66;4.0;1.66;925.0;1.34;5.55;3.6;1.95;682.0;1.82
5.82;4.0;1.82;954.0;1.3;5.54;3.65;1.89;680.0;1.82
5.8;3.97;1.83;954.0;1.3;5.54;3.65;1.89;680.0;1.82
5.79;3.95;1.84;932.0;1.33;5.54;3.65;1.89;680.0;1.82
5.68;3.93;1.75;900.0;1.38;5.48;3.64;1.8;680.0;1.82
5.68;3.93;1.75;900.0;1.38;5.48;3.64;1.8;680.0;1.82
5.68;3.93;1.75;900.0;1.38;5.48;3.64;1.8;680.0;1.82
5.68;3.93;1.75;900.0;1.38;5.48;3.64;1.8;680.0;1.82
5.68;3.93;1.75;910.0;1.36;5.48;3.64;1.8;680.0;1.82
5.68;3.93;1.75;910.0;1.36;5.48;3.64;1.8;680.0;1.82
5.68;3.93;1.75;910.0;1.36;5.48;3.64;1.8;680.0;1.82
5.68;3.93;1.75;910.0;1.36;5.48;3.64;1.8;680.0;1.82
5.67;4.11;1.56;919.0;1.35;5.56;3.5;2.06;690.0;1.8
5.81;4.09;1.72;886.0;1.4;5.56;3.5;2.06;690.0;1.8
5.65;4.07;1.58;919.0;1.35;5.56;3.5;2.06;690.0;1.8
5.63;3.99;1.64;910.0;1.36;5.56;3.5;2.06;690.0;1.8
5.68;3.9;1.78;910.0;1.36;5.51;3.65;1.86;690.0;1.8
5.68;3.9;1.78;910.0;1.36;5.51;3.65;1.86;690.0;1.8
5.58;3.98;1.6;934.0;1.32;5.48;3.64;1.84;680.0;1.82
5.57;4.0;1.57;936.0;1.32;5.48;3.64;1.84;680.0;1.82
5.63;4.0;1.63;914.0;1.36;5.48;3.64;1.84;680.0;1.82
5.63;4.0;1.63;914.0;1.36;5.48;3.64;1.84;680.0;1.82
5.42;3.84;1.62;934.0;1.32;5.48;3.64;1.84;680.0;1.82
5.3;3.9;1.4;905.0;1.37;5.57;3.57;2.0;682.0;1.82
5.66;4.14;1.52;800.0;1.55;5.57;3.57;2.0;682.0;1.82
5.68;3.9;1.77;910.0;1.36;5.57;3.57;2.0;682.0;1.82
5.63;3.85;1.78;900.0;1.38;5.25;2.88;2.37;682.0;1.82
5.5;3.81;1.7;800.0;1.55;5.57;3.57;2.0;682.0;1.82
5.58;4.17;1.41;910.0;1.36;5.49;3.67;1.82;680.0;1.82
5.58;4.17;1.41;910.0;1.36;5.49;3.67;1.82;680.0;1.82
5.68;3.9;1.78;910.0;1.36;5.49;3.67;1.82;680.0;1.82
5.68;3.9;1.78;910.0;1.36;5.49;3.67;1.82;687.0;1.8
5.68;3.9;1.78;910.0;1.36;5.49;3.67;1.82;685.0;1.81
5.68;3.9;1.78;910.0;1.36;5.49;3.67;1.82;690.0;1.8
5.68;3.9;1.78;910.0;1.36;5.49;3.67;1.82;683.0;1.82
5.63;4.09;1.54;972.0;1.28;5.48;3.64;1.84;680.0;1.82
5.63;4.09;1.54;959.0;1.29;5.48;3.64;1.84;680.0;1.82
5.68;4.1;1.58;953.0;1.3;5.48;3.64;1.84;680.0;1.82
5.52;4.08;1.44;950.0;1.31;5.48;3.64;1.84;680.0;1.82
5.52;4.08;1.44;950.0;1.31;5.48;3.64;1.84;680.0;1.82
5.63;4.09;1.54;959.0;1.29;5.48;3.64;1.84;680.0;1.82
5.63;4.09;1.54;972.0;1.28;5.48;3.64;1.84;680.0;1.82
5.65;4.05;1.6;931.91;1.33;5.52;3.68;1.84;680.0;1.82
5.54;3.86;1.68;910.46;1.36;5.52;3.68;1.84;680.0;1.82
5.71;3.82;1.89;895.0;1.38;5.45;3.64;1.81;682.0;1.82
5.68;3.78;1.9;890.0;1.39;5.45;3.64;1.81;682.0;1.82
5.67;3.76;1.91;888.0;1.4;5.45;3.64;1.81;682.0;1.82
5.65;4.05;1.6;910.0;1.36;5.52;3.68;1.84;680.0;1.82
5.64;4.05;1.59;900.0;1.38;5.46;3.47;1.99;680.0;1.82
5.65;4.05;1.6;910.0;1.36;5.52;3.68;1.84;680.0;1.82
5.64;4.05;1.59;900.0;1.38;5.46;3.47;1.99;680.0;1.82
5.67;3.83;1.84;892.0;1.39;5.46;3.56;1.9;680.0;1.82
5.63;3.8;1.83;905.0;1.37;5.46;3.56;1.9;680.0;1.82
5.61;3.8;1.81;914.0;1.36;5.46;3.56;1.9;680.0;1.82
5.67;3.83;1.84;892.0;1.39;5.46;3.56;1.9;680.0;1.82
5.3;3.9;1.4;900.0;1.38;5.43;3.41;2.02;695.0;1.78
5.3;3.9;1.4;900.0;1.38;5.43;3.41;2.02;680.0;1.82
5.68;3.91;1.77;910.0;1.36;5.43;3.41;2.02;695.0;1.78
5.68;3.91;1.77;910.0;1.36;5.43;3.41;2.02;680.0;1.82
5.71;3.92;1.79;908.0;1.37;5.56;3.5;2.06;680.0;1.82
5.7;3.86;1.84;887.0;1.4;5.56;3.5;2.06;680.0;1.82
5.68;3.9;1.78;890.0;1.39;5.48;3.64;1.84;685.0;1.81
5.65;3.8;1.85;898.0;1.38;5.48;3.64;1.84;685.0;1.81
5.74;3.07;2.67;919.0;1.35;5.49;3.47;2.02;700.0;1.77
5.68;3.9;1.78;886.0;1.4;5.49;3.47;2.02;700.0;1.77
5.68;3.9;1.78;886.0;1.4;5.49;3.47;2.02;700.0;1.77
5.71;3.9;1.81;867.0;1.43;5.49;3.47;2.02;700.0;1.77
5.71;3.91;1.8;873.0;1.42;5.49;3.47;2.02;700.0;1.77
5.71;3.9;1.81;867.0;1.43;5.49;3.47;2.02;700.0;1.77
5.71;3.91;1.8;873.0;1.42;5.49;3.47;2.02;700.0;1.77
5.68;3.9;1.78;900.0;1.38;5.49;3.47;2.02;685.0;1.81
5.68;3.9;1.78;910.0;1.36;5.49;3.47;2.02;700.0;1.77
5.55;4.01;1.54;953.0;1.3;5.49;3.6;1.89;700.0;1.77
5.58;3.98;1.6;953.0;1.3;5.49;3.6;1.89;700.0;1.77
5.71;3.89;1.82;902.0;1.37;5.6;3.51;2.09;680.0;1.82
5.75;3.71;2.04;817.0;1.52;5.6;3.51;2.09;680.0;1.82
5.66;4.14;1.52;750.0;1.65;5.15;3.22;1.93;680.0;1.82
5.72;4.16;1.56;985.0;1.25;5.53;3.47;2.05;680.0;1.82
5.73;4.03;1.7;939.0;1.32;5.5;3.61;1.89;680.0;1.82
5.74;4.03;1.71;932.0;1.33;5.5;3.61;1.89;680.0;1.82
5.72;4.02;1.7;932.0;1.33;5.5;3.61;1.89;680.0;1.82
5.53;3.9;1.63;910.0;1.36;5.5;3.63;1.87;680.0;1.82
5.54;3.88;1.66;900.0;1.38;5.5;3.63;1.87;680.0;1.82
5.68;3.9;1.78;885.0;1.4;5.34;3.5;1.84;680.0;1.82
5.67;3.89;1.79;884.0;1.4;5.34;3.5;1.84;680.0;1.82
5.64;3.88;1.76;887.0;1.397;5.34;3.5;1.84;680.0;1.82
5.63;3.88;1.75;880.0;1.41;5.34;3.5;1.84;680.0;1.82
5.59;3.82;1.77;875.0;1.417;5.34;3.5;1.84;680.0;1.82
5.64;4.05;1.59;900.0;1.38;5.41;3.47;1.94;680.0;1.82
5.66;4.09;1.57;954.0;1.3;5.57;3.9;1.77;680.0;1.82
5.66;4.09;1.57;950.0;1.31;5.57;3.9;1.77;680.0;1.82
5.62;4.11;1.51;915.0;1.36;5.47;3.56;1.91;690.0;1.8
5.62;4.11;1.51;915.0;1.36;5.47;3.56;1.91;695.0;1.78
5.7;4.1;1.6;915.0;1.36;5.47;3.56;1.91;690.0;1.8
5.62;4.11;1.51;915.0;1.36;5.47;3.56;1.91;690.0;1.8
5.62;4.11;1.51;915.0;1.36;5.47;3.56;1.91;690.0;1.8
5.62;4.11;1.51;915.0;1.36;5.47;3.56;1.91;690.0;1.8
5.62;4.11;1.51;915.0;1.36;5.47;3.56;1.91;690.0;1.8
5.62;4.11;1.51;915.0;1.36;5.47;3.56;1.91;695.0;1.78
5.62;4.11;1.51;915.0;1.36;5.47;3.56;1.91;695.0;1.78
5.62;4.11;1.51;915.0;1.36;5.47;3.56;1.91;690.0;1.8
5.68;3.9;1.78;915.0;1.36;5.47;3.56;1.91;690.0;1.8
5.64;4.05;1.59;910.0;1.36;5.41;3.47;1.94;680.0;1.82
5.76;4.0;1.76;910.0;1.36;5.43;3.54;1.89;680.0;1.82
5.68;3.89;1.79;910.0;1.36;5.43;3.54;1.89;680.0;1.82
5.75;3.89;1.89;910.0;1.36;5.43;3.54;1.89;670.0;1.85
5.73;3.95;1.78;910.0;1.36;5.43;3.54;1.89;680.0;1.82
5.71;3.93;1.78;898.0;1.38;5.43;3.54;1.89;682.0;1.82
5.74;3.97;1.77;910.0;1.36;5.43;3.54;1.89;625.0;1.98
5.61;3.72;1.89;896.0;1.38;5.48;3.64;1.84;680.0;1.82
5.61;3.72;1.89;896.0;1.38;5.48;3.64;1.84;680.0;1.82
5.61;3.72;1.89;896.0;1.38;5.48;3.64;1.84;680.0;1.82
5.68;4.09;1.59;940.0;1.32;5.41;3.47;1.94;685.0;1.81
5.66;4.09;1.57;935.0;1.33;5.41;3.47;1.94;685.0;1.81
5.67;4.11;1.56;930.0;1.33;5.41;3.47;1.94;685.0;1.81
5.68;3.9;1.78;910.0;1.36;5.49;3.47;1.02;700.0;1.77
5.58;3.98;1.6;911.38;1.36;5.52;3.68;1.84;680.0;1.82
5.7;4.1;1.6;915.0;1.36;5.47;3.56;1.91;695.0;1.78
5.68;3.9;1.78;915.0;1.36;5.47;3.56;1.91;695.0;1.78
5.72;4.16;1.56;985.0;1.25;5.52;3.44;2.08;670.0;1.85
5.72;4.16;1.56;985.0;1.25;5.55;3.52;2.03;667.0;1.86
5.72;4.16;1.56;985.0;1.25;5.58;3.55;2.03;674.0;1.84
5.72;4.16;1.56;985.0;1.25;5.56;3.53;2.03;670.0;1.85
5.65;4.1;1.55;912.0;1.36;5.66;3.88;1.78;697.0;1.78
5.65;4.09;1.56;950.0;1.31;5.52;3.61;1.91;678.0;1.83
5.65;4.09;1.56;950.0;1.31;5.52;3.61;1.91;678.0;1.83
5.65;4.09;1.56;950.0;1.31;5.52;3.61;1.91;678.0;1.83
5.65;4.09;1.56;950.0;1.31;5.55;3.62;1.93;678.0;1.83
5.65;4.09;1.56;950.0;1.31;5.55;3.62;1.93;678.0;1.83
5.65;4.09;1.56;950.0;1.31;5.55;3.62;1.93;678.0;1.83
5.65;4.09;1.56;950.0;1.31;5.55;3.62;1.93;678.0;1.83
5.65;4.1;1.55;910.0;1.36;5.45;3.65;1.8;700.0;1.77
5.68;3.92;1.76;800.0;1.55;5.45;3.65;1.8;700.0;1.77
5.68;3.92;1.76;800.0;1.55;5.45;3.65;1.8;700.0;1.77
5.68;3.92;1.76;800.0;1.55;5.45;3.65;1.8;700.0;1.77
5.65;4.1;1.55;910.0;1.36;5.51;3.6;1.91;667.0;1.86
5.65;4.1;1.55;910.0;1.36;5.53;3.59;1.94;670.0;1.83
5.65;4.1;1.55;910.0;1.36;5.56;3.56;2.0;663.0;1.87
5.65;3.91;1.74;905.0;1.37;5.38;3.47;1.91;665.0;1.86
5.67;3.96;1.71;867.0;1.43;5.36;3.42;1.94;704.0;1.76
5.74;4.01;1.73;925.0;1.34;5.45;3.65;1.95;680.0;1.82
5.72;4.0;1.72;915.0;1.36;5.45;3.65;1.8;680.0;1.82
5.67;3.99;1.68;922.0;1.34;5.45;3.65;1.8;680.0;1.82
5.69;3.98;1.71;923.0;1.34;5.45;3.65;1.8;680.0;1.82
5.68;3.95;1.73;920.0;1.35;5.45;3.65;1.8;680.0;1.82
5.79;3.98;1.81;780.0;1.59;5.48;3.64;1.84;690.0;1.79
5.81;3.94;1.87;750.0;1.65;5.48;3.64;1.84;690.0;1.79
5.67;4.15;1.52;826.0;1.5;5.54;3.65;1.89;690.0;1.8
5.58;3.93;1.65;805.0;1.54;5.54;3.65;1.89;690.0;1.8
5.46;3.94;1.52;850.0;1.46;5.26;3.63;1.63;651.0;1.91
5.42;3.72;1.7;752.0;1.65;5.26;3.63;1.63;651.0;1.91
5.7;3.93;1.77;766.0;1.62;5.48;3.64;1.84;690.0;1.8
5.7;3.92;1.78;761.0;1.63;5.48;3.64;1.84;690.0;1.8
5.7;3.93;1.77;766.0;1.62;5.48;3.64;1.84;690.0;1.8
5.7;3.92;1.78;761.0;1.63;5.48;3.64;1.84;690.0;1.8
5.7;3.93;1.77;766.0;1.62;5.48;3.64;1.84;690.0;1.8
5.56;4.11;1.45;910.0;1.36;5.5;3.5;2.0;682.0;1.82
5.56;4.11;1.45;953.0;1.31;5.5;3.5;2.0;682.0;1.82
5.45;3.95;1.5;910.0;1.36;5.5;3.5;2.0;682.0;1.82
5.56;4.11;1.45;900.0;1.38;5.5;3.5;2.0;682.0;1.82
5.65;3.88;1.77;925.0;1.34;5.56;3.5;2.06;682.0;1.82
5.65;3.85;1.8;919.0;1.35;5.56;3.5;2.06;682.0;1.82
5.62;4.03;1.59;905.0;1.37;5.45;3.56;1.89;682.0;1.82
5.64;4.05;1.59;910.0;1.36;5.45;3.56;1.89;682.0;1.82
5.64;4.05;1.59;910.0;1.36;5.45;3.56;1.89;682.0;1.82
5.62;4.03;1.59;905.0;1.37;5.45;3.56;1.89;682.0;1.82
5.63;4.04;1.59;920.0;1.35;5.45;3.56;1.89;682.0;1.82
5.63;4.04;1.59;920.0;1.35;5.45;3.56;1.89;682.0;1.82
5.75;4.09;1.66;840.0;1.48;5.45;3.56;1.89;682.0;1.82
5.64;4.07;1.57;900.0;1.38;5.45;3.56;1.89;682.0;1.82
5.7;3.99;1.71;800.0;1.55;5.45;3.56;1.89;682.0;1.82
5.64;4.05;1.59;900.0;1.38;5.45;3.56;1.89;682.0;1.82
5.69;4.11;1.58;800.0;1.55;5.45;3.56;1.89;682.0;1.82
5.58;3.98;1.6;805.0;1.54;5.45;3.56;1.89;682.0;1.82
5.47;3.76;1.71;742.0;1.67;5.45;3.56;1.89;682.0;1.82
5.67;3.85;1.82;681.0;1.82;5.45;3.56;1.89;682.0;1.82
5.72;3.83;1.89;689.0;1.8;5.45;3.56;1.89;682.0;1.82
5.34;3.28;2.06;681.0;1.82;5.45;3.56;1.89;682.0;1.82
5.66;3.7;1.96;892.0;1.39;5.43;2.95;2.48;688.0;1.8
5.64;4.07;1.57;900.0;1.38;5.45;3.56;1.89;682.0;1.82
5.64;4.07;1.57;900.0;1.38;5.45;3.56;1.89;682.0;1.82
5.72;4.06;1.66;912.0;1.36;5.45;3.56;1.89;682.0;1.82
5.72;4.06;1.66;912.0;1.36;5.45;3.56;1.89;682.0;1.82
5.68;3.9;1.78;910.0;1.36;5.45;3.56;1.89;682.0;1.82
5.68;3.9;1.78;910.0;1.36;5.45;3.56;1.89;682.0;1.82
5.72;3.87;1.85;850.0;1.46;5.37;3.67;1.7;695.0;1.78
5.71;3.78;1.93;840.0;1.48;5.37;3.67;1.7;695.0;1.78
5.66;3.89;1.77;900.0;1.38;5.37;3.67;1.7;695.0;1.78
5.57;4.11;1.46;902.0;1.37;5.45;3.65;1.8;695.0;1.78
5.53;4.09;1.44;950.0;1.31;5.45;3.65;1.8;695.0;1.78
5.57;4.11;1.46;902.0;1.37;5.45;3.65;1.8;695.0;1.78
5.56;4.07;1.49;945.0;1.31;5.45;3.65;1.8;695.0;1.78
5.71;3.89;1.82;774.0;1.6;5.45;3.65;1.8;675.0;1.84
5.71;3.91;1.8;936.0;1.33;5.47;3.62;1.85;690.0;1.8
5.63;3.88;1.75;929.0;1.34;5.47;3.62;1.85;690.0;1.8
5.71;3.91;1.8;936.0;1.33;5.47;3.62;1.85;690.0;1.8
5.63;3.88;1.75;929.0;1.34;5.47;3.62;1.85;690.0;1.8
5.63;3.88;1.75;929.0;1.34;5.47;3.62;1.85;690.0;1.8
5.63;3.88;1.75;929.0;1.34;5.47;3.62;1.85;690.0;1.8
5.63;3.88;1.75;929.0;1.34;5.47;3.62;1.85;690.0;1.8
5.63;3.88;1.75;929.0;1.34;5.47;3.62;1.85;690.0;1.8
5.65;3.85;1.8;908.0;1.37;5.47;3.62;1.85;690.0;1.8
5.65;3.85;1.8;908.0;1.37;5.47;3.62;1.85;690.0;1.8
5.63;3.88;1.75;929.0;1.34;5.47;3.62;1.85;690.0;1.8
5.65;3.85;1.8;908.0;1.37;5.47;3.62;1.85;690.0;1.8
5.65;3.85;1.8;908.0;1.37;5.47;3.62;1.85;690.0;1.8
5.65;3.85;1.8;908.0;1.37;5.47;3.62;1.85;690.0;1.8
5.65;3.85;1.8;908.0;1.37;5.47;3.62;1.85;690.0;1.8
5.65;3.85;1.8;908.0;1.37;5.47;3.62;1.85;690.0;1.8
5.55;3.98;1.57;867.0;1.43;5.45;3.64;1.81;690.0;1.8
6.1;3.86;2.24;602.0;2.06;5.56;3.5;2.06;690.0;1.8
6.22;3.92;2.3;633.0;1.96;5.56;3.5;2.06;690.0;1.8
5.55;4.0;1.55;970.0;1.29;5.45;3.64;1.81;690.0;1.8
5.55;4.0;1.55;970.0;1.29;5.45;3.64;1.81;690.0;1.8
5.55;4.0;1.55;970.0;1.29;5.45;3.64;1.81;690.0;1.8
5.68;3.9;1.78;900.0;1.38;5.49;3.47;2.02;690.0;1.8
5.69;3.97;1.72;980.0;1.27;5.54;3.65;1.89;690.0;1.8
5.69;3.97;1.72;984.0;1.26;5.54;3.65;1.89;690.0;1.8
5.69;3.97;1.72;920.0;1.35;5.54;3.65;1.89;690.0;1.8
5.69;3.97;1.72;900.0;1.38;5.54;3.65;1.89;690.0;1.8
5.91;3.93;1.98;840.0;1.48;5.56;3.5;2.06;690.0;1.8
5.59;3.81;1.78;795.0;1.56;5.56;3.5;2.06;690.0;1.8
5.87;3.89;1.98;790.0;1.57;5.56;3.5;2.06;690.0;1.8
5.68;3.88;1.8;1075.0;1.15;5.56;3.5;2.06;690.0;1.8
5.59;3.79;1.8;1040.0;1.19;5.56;3.5;2.06;690.0;1.8
5.66;3.88;1.78;954.0;1.3;5.57;3.73;1.84;680.0;1.82
5.7;3.86;1.86;947.0;1.31;5.57;3.73;1.84;680.0;1.82
5.71;3.85;1.86;925.0;1.34;5.57;3.73;1.84;680.0;1.82
5.69;3.91;1.78;935.0;1.33;5.45;3.56;1.89;688.0;1.8
5.66;3.89;1.77;900.0;1.38;5.45;3.56;1.89;688.0;1.8
5.56;3.93;1.63;952.0;1.3;5.5;3.61;1.89;680.0;1.82
5.51;3.85;1.66;870.0;1.43;5.56;3.5;2.06;680.0;1.82
5.53;3.97;1.56;895.0;1.39;5.5;3.61;1.89;680.0;1.82
5.61;3.9;1.71;913.0;1.36;5.5;3.61;1.89;680.0;1.82
5.71;3.95;1.76;820.0;1.51;5.5;3.61;1.89;682.0;1.82
5.73;3.91;1.82;805.0;1.54;5.5;3.61;1.89;682.0;1.82
5.76;3.9;1.86;790.0;1.57;5.5;3.61;1.89;682.0;1.82
5.45;3.96;1.49;951.0;1.3;5.56;3.5;2.06;680.0;1.82
5.45;3.97;1.48;945.0;1.31;5.56;3.5;2.06;680.0;1.82
5.42;3.91;1.51;923.0;1.34;5.56;3.5;2.06;680.0;1.82
5.42;3.9;1.52;911.0;1.36;5.56;3.5;2.06;680.0;1.82
5.5;3.93;1.57;885.0;1.4;5.45;3.65;1.8;680.0;1.82
5.53;3.94;1.59;850.0;1.47;5.45;3.65;1.8;680.0;1.82
5.62;3.93;1.69;840.0;1.48;5.45;3.65;1.8;680.0;1.82
5.7;4.0;1.7;778.0;1.59;5.66;3.81;1.85;680.0;1.82
5.78;3.97;1.81;778.0;1.59;5.66;3.81;1.85;680.0;1.82
5.65;3.85;1.8;805.0;1.54;5.5;3.61;1.89;680.0;1.82
5.67;3.87;1.8;801.0;1.55;5.5;3.61;1.89;680.0;1.82
5.73;3.89;1.84;801.0;1.55;5.5;3.61;1.89;680.0;1.82
5.54;4.11;1.43;867.0;1.43;5.45;3.65;1.8;680.0;1.82
5.51;4.07;1.44;860.0;1.44;5.45;3.65;1.8;680.0;1.82
5.41;3.84;1.57;790.0;1.57;5.45;3.65;1.8;680.0;1.82
5.78;4.16;1.62;820.0;1.51;5.66;3.81;1.85;670.0;1.85
5.74;4.15;1.59;801.0;1.55;5.66;3.81;1.85;670.0;1.85
5.73;4.12;1.61;806.0;1.54;5.66;3.81;1.85;670.0;1.85
5.76;4.07;1.69;796.0;1.56;5.66;3.81;1.85;670.0;1.85
5.7;4.0;1.7;778.0;1.59;5.66;3.81;1.85;670.0;1.85
5.83;3.86;1.97;752.0;1.64;5.47;3.6;1.87;680.0;1.82
5.62;3.8;1.82;775.0;1.6;5.47;3.6;1.87;680.0;1.82
5.59;3.81;1.78;810.0;1.53;5.47;3.6;1.87;680.0;1.82
5.48;3.66;1.82;794.0;1.56;5.47;3.6;1.87;680.0;1.82
5.65;4.1;1.55;925.0;1.34;5.56;3.5;2.06;690.0;1.8
5.68;4.08;1.65;795.0;1.56;5.56;3.5;2.06;690.0;1.8
5.63;3.98;1.65;855.0;1.45;5.56;3.5;2.06;690.0;1.8
5.67;3.96;1.71;867.0;1.43;5.56;3.5;2.06;690.0;1.8
5.92;3.89;2.03;747.0;1.66;5.56;3.5;2.06;690.0;1.8
5.53;3.83;1.7;827.0;1.5;5.48;3.64;1.84;700.0;1.77
5.66;3.86;1.8;780.0;1.59;5.48;3.64;1.84;700.0;1.77
5.53;3.83;1.7;827.0;1.5;5.48;3.64;1.84;700.0;1.77
5.5;3.81;1.69;838.0;1.48;5.48;3.64;1.84;700.0;1.77
5.56;4.01;1.55;953.0;1.3;5.45;3.65;1.8;695.0;1.78
5.56;4.01;1.55;953.0;1.3;5.45;3.65;1.8;695.0;1.78
5.56;4.01;1.55;953.0;1.3;5.45;3.65;1.8;695.0;1.78
5.56;4.01;1.55;953.0;1.3;5.45;3.65;1.8;695.0;1.78
5.6;3.87;1.73;775.0;1.6;5.5;3.61;1.89;695.0;1.78
5.61;4.11;1.5;836.0;1.48;5.45;3.65;1.8;680.0;1.82
5.54;3.97;1.57;836.0;1.48;5.45;3.65;1.8;680.0;1.82
5.72;4.03;1.69;844.0;1.47;5.56;3.5;2.06;680.0;1.82
5.79;3.92;1.87;761.0;1.63;5.56;3.5;2.06;680.0;1.82
5.69;3.91;1.78;800.0;1.55;5.56;3.5;2.06;680.0;1.82
5.61;3.78;1.83;867.0;1.43;5.56;3.5;2.06;680.0;1.82
5.61;3.78;1.83;867.0;1.43;5.56;3.5;2.06;680.0;1.82
5.57;3.74;1.83;878.0;1.41;5.56;3.5;2.06;680.0;1.82
5.57;3.74;1.83;878.0;1.41;5.56;3.5;2.06;680.0;1.82
5.58;4.11;1.47;890.0;1.39;5.45;3.65;1.8;700.0;1.77
5.64;4.08;1.56;889.0;1.39;5.45;3.65;1.8;700.0;1.77
5.57;4.08;1.49;874.0;1.42;5.45;3.65;1.8;700.0;1.77
5.57;4.07;1.5;877.0;1.41;5.45;3.65;1.8;700.0;1.77
5.69;3.94;1.75;900.0;1.38;5.43;3.42;2.01;690.0;1.8
5.72;3.94;1.78;845.0;1.47;5.5;3.61;1.89;680.0;1.82
5.78;3.89;1.89;776.0;1.6;5.56;3.5;2.06;680.0;1.82
5.43;3.71;1.72;760.0;1.63;5.5;3.61;1.89;680.0;1.82
5.78;3.92;1.86;795.0;1.56;5.58;3.73;1.85;680.0;1.82
5.62;3.78;1.84;751.0;1.65;5.58;3.73;1.85;680.0;1.82
5.67;4.29;1.38;901.0;1.38;5.53;3.64;1.89;656.0;1.89
5.68;4.3;1.38;900.0;1.38;5.53;3.64;1.89;656.0;1.89
5.68;4.31;1.37;901.0;1.38;5.53;3.64;1.89;656.0;1.89
5.65;4.26;1.39;894.0;1.39;5.53;3.64;1.89;656.0;1.89
5.51;3.85;1.66;800.0;1.55;5.27;3.44;1.83;695.0;1.78
5.48;3.83;1.65;825.0;1.53;5.24;3.42;1.82;689.0;1.8
5.51;3.85;1.66;800.0;1.55;5.35;3.54;1.81;699.0;1.77
5.48;3.83;1.65;800.0;1.55;5.24;3.6;1.64;700.0;1.77
5.7;3.99;1.71;800.0;1.55;5.45;3.41;2.04;623.0;1.99
5.55;3.8;1.75;798.0;1.55;5.45;3.41;2.04;623.0;1.99
5.48;3.83;1.65;825.0;1.53;5.31;3.46;1.85;685.0;1.81
5.48;3.86;1.62;810.0;1.53;5.39;2.8;2.59;598.0;2.07
5.48;3.86;1.62;810.0;1.53;5.39;2.8;2.59;598.0;2.07
5.7;3.99;1.71;800.0;1.55;5.39;3.3;2.09;629.0;1.97
5.55;3.8;1.75;798.0;1.55;5.39;3.3;2.09;629.0;1.97
5.61;3.96;1.65;910.0;1.36;5.39;3.47;1.92;610.0;2.03
5.65;4.1;1.55;912.0;1.36;5.47;3.48;1.99;610.0;2.03
5.87;3.89;1.98;900.0;1.38;5.47;3.48;1.99;610.0;2.03
5.58;3.91;1.67;950.0;1.31;5.47;3.48;1.99;610.0;2.03
5.65;3.98;1.67;817.0;1.52;5.47;3.48;1.99;610.0;2.03
5.61;3.96;1.65;910.0;1.36;5.47;3.48;1.99;610.0;2.03
5.61;3.96;1.65;910.0;1.36;5.47;3.48;1.99;610.0;2.03
5.61;3.96;1.65;910.0;1.36;5.47;3.48;1.99;610.0;2.03
5.45;3.95;1.5;905.0;1.37;5.47;3.48;1.99;610.0;2.03
5.43;3.81;1.62;800.0;1.55;5.47;3.48;1.99;610.0;2.03
5.61;3.96;1.65;910.0;1.36;5.6;3.49;2.11;615.0;2.01
5.51;3.84;1.67;798.0;1.55;5.44;3.49;1.95;635.0;1.95
5.51;3.84;1.67;798.0;1.55;5.44;3.49;1.95;635.0;1.95
5.51;3.84;1.67;798.0;1.55;5.42;3.46;1.96;635.0;1.95
5.51;3.84;1.67;798.0;1.55;5.44;3.49;1.95;635.0;1.95
5.51;3.84;1.67;798.0;1.55;5.44;3.46;1.98;633.0;1.96
5.51;3.84;1.67;798.0;1.55;5.42;3.46;1.96;633.0;1.96
5.48;3.86;1.62;810.0;1.53;5.35;2.78;2.57;593.0;2.09
5.48;3.86;1.62;810.0;1.53;5.35;2.78;2.57;593.0;2.09
6.1;3.9;2.2;570.0;2.18;5.7;3.7;2.0;680.0;1.82
6.1;4.0;2.1;600.0;2.07;5.45;3.69;1.76;700.0;1.77
6.1;4.0;2.1;600.0;2.07;5.45;3.69;1.76;700.0;1.77
6.1;4.0;2.1;600.0;2.07;5.45;3.69;1.76;700.0;1.77
5.44;4.19;1.25;1000.0;1.24;5.24;3.66;1.58;795.0;1.56
5.25;3.29;1.96;925.0;1.34;5.09;3.22;1.87;750.0;1.65
5.25;3.29;1.96;850.0;1.46;5.09;3.22;1.87;750.0;1.65
5.32;3.95;1.37;912.0;1.36;5.09;3.22;1.87;780.0;1.59
5.49;4.05;1.44;860.0;1.44;5.3;3.6;1.7;795.0;1.56
5.5;3.91;1.59;780.0;1.59;5.3;3.6;1.7;795.0;1.56
5.6;4.0;1.6;843.0;1.47;5.27;3.72;1.55;800.0;1.55
5.65;3.94;1.71;800.0;1.55;5.18;3.48;1.7;750.0;1.65
5.65;3.94;1.71;800.0;1.55;5.49;3.7;1.79;710.0;1.75
5.72;4.06;1.66;912.0;1.36;5.55;2.91;2.64;658.0;1.88
5.72;4.06;1.66;912.0;1.36;5.64;3.18;2.46;726.0;1.71
5.71;3.92;1.79;897.0;1.38;5.63;3.19;2.44;750.0;1.65
5.7;3.9;1.8;895.0;1.39;5.63;3.19;2.44;750.0;1.65
5.7;3.86;1.84;950.0;1.31;5.64;3.46;2.18;718.0;1.73
5.65;4.1;1.55;910.0;1.36;5.58;3.48;2.1;709.0;1.75
5.7;3.86;1.84;950.0;1.31;5.58;3.48;2.1;709.0;1.75
5.65;4.1;1.55;910.0;1.36;5.58;3.48;2.1;709.0;1.75
5.65;3.94;1.71;800.0;1.55;5.34;3.62;1.72;725.0;1.71
5.66;3.94;1.72;900.0;1.38;5.41;2.95;2.46;625.0;1.98
5.65;3.87;1.78;886.0;1.4;5.41;2.95;2.46;625.0;1.98
5.66;3.79;1.87;873.0;1.42;5.41;2.95;2.46;625.0;1.98
5.64;3.75;1.89;880.0;1.41;5.41;2.95;2.46;625.0;1.98
5.57;3.74;1.83;940.0;1.32;5.41;2.82;2.59;605.0;2.05
5.52;3.39;2.13;725.0;1.71;5.41;2.82;2.59;605.0;2.05
5.57;3.74;1.83;918.0;1.35;5.41;2.82;2.59;605.0;2.05
5.57;3.74;1.83;920.0;1.35;5.41;2.82;2.59;605.0;2.05
5.57;3.74;1.83;915.0;1.36;5.41;2.82;2.59;605.0;2.05
5.69;4.12;1.57;818.0;1.52;5.43;3.36;2.07;675.0;1.84
5.67;4.04;1.63;803.0;1.54;5.43;3.36;2.07;675.0;1.84
5.64;3.87;1.77;777.0;1.6;5.43;3.36;2.07;675.0;1.84
5.55;3.99;1.56;817.0;1.52;5.43;3.36;2.07;675.0;1.84
5.64;3.97;1.67;827.0;1.5;5.43;3.36;2.07;675.0;1.84
5.71;3.91;1.8;794.0;1.56;5.43;3.36;2.07;675.0;1.84
5.84;4.06;1.78;754.0;1.64;5.43;3.36;2.07;675.0;1.84
5.75;4.04;1.71;785.0;1.58;5.43;3.36;2.07;675.0;1.84
5.69;4.01;1.68;794.0;1.56;5.43;3.36;2.07;675.0;1.84
5.66;4.14;1.52;800.0;1.55;5.39;3.57;1.82;643.0;1.93
5.62;3.96;1.66;785.0;1.58;5.43;3.43;2.0;675.0;1.84
5.62;3.96;1.66;775.0;1.6;5.43;3.43;2.0;675.0;1.84
5.66;4.14;1.52;800.0;1.55;5.48;3.56;1.92;629.0;1.97
5.66;4.14;1.52;800.0;1.55;5.47;3.58;1.89;632.0;1.96
5.66;4.14;1.52;800.0;1.55;5.64;3.57;2.07;615.0;2.01
5.69;3.64;2.05;750.0;1.65;5.31;2.89;2.42;645.0;1.92
5.68;3.92;1.76;900.0;1.38;5.47;3.39;2.08;600.0;2.07
5.6;3.78;1.82;925.0;1.34;5.43;3.37;2.06;602.0;2.06
5.66;3.95;1.71;800.0;1.55;5.43;3.37;2.06;602.0;2.06
5.68;3.92;1.76;900.0;1.38;5.43;3.37;2.06;602.0;2.06
5.68;3.92;1.76;900.0;1.38;5.43;3.37;2.06;602.0;2.06
5.68;3.91;1.77;900.0;1.38;5.43;3.37;2.06;615.0;2.02
5.68;3.91;1.77;900.0;1.38;5.43;3.37;2.06;615.0;2.02
5.68;3.9;1.78;900.0;1.38;5.43;3.37;2.06;600.0;2.07
5.68;3.92;1.76;900.0;1.38;5.31;3.27;2.04;607.0;2.04
5.68;3.92;1.76;900.0;1.38;5.38;3.32;2.06;604.0;2.05
5.69;4.07;1.62;810.0;1.53;5.18;3.22;1.96;645.0;1.92
5.69;4.07;1.62;810.0;1.53;5.39;3.41;1.98;650.0;1.91
5.69;4.07;1.62;810.0;1.53;5.56;3.5;2.06;640.0;1.94
5.66;4.14;1.52;750.0;1.65;5.24;3.7;1.54;780.0;1.59
5.66;4.14;1.52;750.0;1.65;5.5;3.93;1.57;747.0;1.66
5.66;4.14;1.52;750.0;1.65;5.5;3.93;1.57;747.0;1.66
5.66;4.14;1.52;750.0;1.65;5.5;3.93;1.57;747.0;1.66
5.66;4.14;1.52;750.0;1.65;5.47;3.9;1.57;775.0;1.6
5.66;3.95;1.52;750.0;1.65;5.53;3.76;1.77;800.0;1.55
5.65;4.1;1.55;910.0;1.36;5.5;3.55;1.95;650.0;1.91
5.52;3.82;1.7;800.0;1.55;5.5;3.55;1.95;650.0;1.91
5.66;4.14;1.52;800.0;1.55;5.54;3.27;2.27;698.0;1.78
5.66;4.14;1.52;800.0;1.55;5.48;3.47;2.01;685.0;1.81
5.69;4.07;1.62;816.0;1.52;5.49;3.59;1.9;692.0;1.92
5.69;4.07;1.62;816.0;1.52;5.43;3.61;1.82;684.0;1.82
5.69;4.07;1.62;816.0;1.52;5.41;3.56;1.85;686.0;1.83
5.69;4.07;1.62;816.0;1.52;5.39;3.57;1.82;652.0;1.81
5.68;4.06;1.62;800.0;1.55;5.26;3.0;2.26;650.0;1.91
5.54;3.78;1.76;756.0;1.64;5.31;3.0;2.31;650.0;1.91
5.74;4.01;1.73;820.0;1.51;5.2;2.9;2.3;653.0;1.9
5.74;4.01;1.73;820.0;1.51;5.2;2.9;2.3;653.0;1.9
5.74;4.01;1.73;820.0;1.51;5.2;2.9;2.3;653.0;1.9
5.42;3.86;1.56;825.0;1.5;5.31;3.0;2.31;670.0;1.85
5.41;3.86;1.55;805.0;1.54;5.31;3.0;2.31;670.0;1.85
5.74;4.01;1.73;820.0;1.51;5.44;3.0;2.44;636.0;1.95
5.74;4.01;1.73;820.0;1.51;5.44;3.0;2.44;636.0;1.95
5.74;4.01;1.73;820.0;1.51;5.44;3.0;2.44;636.0;1.95
5.74;4.01;1.73;820.0;1.51;5.4;3.03;2.37;646.0;1.92
5.74;4.01;1.73;820.0;1.51;5.4;3.03;2.37;646.0;1.92
5.74;4.01;1.73;820.0;1.51;5.4;3.03;2.37;646.0;1.92
5.74;4.01;1.73;820.0;1.51;5.34;3.01;2.33;649.0;1.91
5.74;4.01;1.73;820.0;1.51;5.34;3.01;2.33;649.0;1.91
5.74;4.01;1.73;820.0;1.51;5.34;3.01;2.33;649.0;1.91
5.74;4.01;1.73;820.0;1.51;5.32;2.98;2.34;642.0;1.93
5.74;4.01;1.73;820.0;1.51;5.32;2.98;2.34;642.0;1.93
5.74;4.01;1.73;820.0;1.51;5.32;2.98;2.34;642.0;1.93
5.66;4.14;1.52;816.0;1.52;5.0;3.59;1.41;642.0;1.93
5.66;4.14;1.52;816.0;1.52;5.5;3.59;1.91;642.0;1.93
5.66;4.14;1.52;816.0;1.52;5.5;3.59;1.91;642.0;1.93
5.66;4.14;1.52;816.0;1.52;5.54;3.6;1.94;639.0;1.94
6.1;3.9;2.2;570.0;2.18;5.3;3.5;1.8;900.0;1.38
5.7;3.9;1.8;717.0;1.8;5.45;3.53;1.92;658.0;1.92
5.67;3.87;1.8;705.0;1.82;5.45;3.53;1.92;658.0;1.92
5.55;3.73;1.82;705.0;1.82;5.45;3.53;1.92;658.0;1.92
5.65;4.1;1.55;915.0;1.36;5.24;3.75;1.49;646.0;1.89
5.65;4.1;1.55;915.0;1.36;5.2;3.28;1.92;639.0;1.92
5.65;4.1;1.55;915.0;1.36;5.42;3.49;1.93;642.0;1.93
5.65;4.1;1.55;912.0;1.36;5.52;3.71;1.81;685.0;1.81
5.65;4.1;1.55;912.0;1.36;5.52;3.71;1.81;685.0;1.81
5.65;4.1;1.55;912.0;1.36;5.52;3.71;1.81;685.0;1.81
5.65;4.1;1.55;912.0;1.36;5.57;3.78;1.79;693.0;1.79
5.65;4.1;1.55;912.0;1.36;5.55;3.7;1.85;677.0;1.832
5.65;4.1;1.55;912.0;1.36;5.55;3.7;1.85;677.0;1.832
5.64;4.07;1.57;900.0;1.38;5.55;3.7;1.85;677.0;1.832
5.64;4.07;1.57;900.0;1.38;5.55;3.7;1.85;677.0;1.832
5.7;3.99;1.71;800.0;1.55;5.55;3.7;1.85;677.0;1.832
5.7;3.99;1.71;800.0;1.55;5.55;3.7;1.85;677.0;1.832
5.68;3.9;1.78;910.0;1.36;5.55;3.7;1.85;677.0;1.832
5.68;3.9;1.78;910.0;1.36;5.55;3.7;1.85;677.0;1.832
5.63;3.91;1.72;800.0;1.55;5.47;3.46;2.01;701.0;1.77
5.64;3.92;1.72;768.0;1.61;5.47;3.46;2.01;701.0;1.77
5.6;3.97;1.63;775.0;1.6;5.56;3.96;1.6;752.0;1.65
5.6;3.97;1.63;775.0;1.6;5.56;3.96;1.6;752.0;1.65
5.66;3.93;1.73;780.0;1.59;5.36;3.71;1.65;755.0;1.64
5.58;3.9;1.68;778.0;1.59;5.36;3.74;1.62;780.0;1.59
5.58;3.9;1.68;778.0;1.59;5.36;3.74;1.62;780.0;1.59
5.58;3.9;1.68;778.0;1.59;5.36;3.74;1.62;780.0;1.59
5.58;3.9;1.68;778.0;1.59;5.36;3.74;1.62;780.0;1.59
5.66;3.93;1.73;780.0;1.59;5.61;3.58;2.03;700.0;1.77
5.45;3.88;1.57;855.0;1.45;5.28;3.37;1.91;760.0;1.63
5.65;4.1;1.55;935.0;1.32;5.54;3.61;1.93;636.0;1.95
5.65;4.1;1.55;785.0;1.58;5.54;3.61;1.93;636.0;1.95
5.65;4.1;1.55;910.0;1.36;5.48;3.48;2.0;652.0;1.91
5.52;3.82;1.7;800.0;1.55;5.48;3.48;2.0;652.0;1.91
5.65;4.1;1.55;935.0;1.32;5.48;3.48;2.0;646.0;1.92
5.65;4.1;1.55;785.0;1.58;5.48;3.48;2.0;646.0;1.92
5.7;3.87;1.83;923.0;1.34;5.49;3.47;2.02;636.0;1.95
5.7;3.87;1.83;923.0;1.34;5.5;3.38;2.12;632.0;1.96
5.7;3.87;1.83;923.0;1.34;5.51;3.41;2.1;635.0;1.95
5.67;3.93;1.74;892.0;1.39;5.55;3.42;2.13;675.0;1.84
5.67;3.93;1.74;892.0;1.39;5.55;3.43;2.12;680.0;1.82
5.67;3.93;1.74;892.0;1.39;5.55;3.4;2.15;700.0;1.77
5.72;3.66;2.06;950.0;1.31;5.45;3.6;1.85;680.0;1.82
5.69;3.67;2.02;950.0;1.31;5.45;3.6;1.85;680.0;1.82
5.63;3.69;1.94;950.0;1.31;5.45;3.6;1.85;680.0;1.82
5.76;3.66;2.1;900.0;1.38;5.45;3.6;1.85;680.0;1.82
5.5;4.08;1.42;930.0;1.33;5.32;3.38;1.94;680.0;1.82
5.44;4.07;1.37;932.0;1.33;5.32;3.38;1.94;680.0;1.82
5.65;3.9;1.75;914.0;1.36;5.32;3.38;1.94;680.0;1.82
5.64;4.05;1.59;900.0;1.38;5.45;3.6;1.85;680.0;1.82
5.64;4.05;1.59;900.0;1.38;5.45;3.6;1.85;680.0;1.82
5.77;4.03;1.74;934.0;1.33;5.52;3.59;1.93;680.0;1.82
5.74;4.01;1.73;933.0;1.33;5.52;3.59;1.93;680.0;1.82
5.74;4.0;1.74;928.0;1.34;5.52;3.59;1.93;680.0;1.82
5.58;3.79;1.79;950.0;1.31;5.32;3.38;1.94;650.0;1.91
5.61;3.83;1.78;940.0;1.32;5.32;3.38;1.94;650.0;1.91
5.73;4.1;1.63;923.0;1.34;5.53;3.63;1.9;688.0;1.8
5.73;4.1;1.63;923.0;1.34;5.57;3.66;1.91;689.0;1.8
5.73;4.1;1.63;923.0;1.34;5.58;3.68;1.9;690.0;1.8
5.73;4.1;1.63;923.0;1.34;5.54;3.65;1.89;688.0;1.8
5.68;3.92;1.76;900.0;1.38;5.45;3.44;2.01;680.0;1.82
5.68;3.92;1.76;900.0;1.38;5.46;3.46;2.0;695.0;1.78
5.68;3.92;1.76;900.0;1.38;5.48;3.49;1.99;705.0;1.76
5.65;4.1;1.55;910.0;1.36;5.33;3.39;1.94;645.0;1.92
5.52;3.82;1.7;800.0;1.55;5.33;3.39;1.94;645.0;1.92
5.6;3.85;1.75;800.0;1.55;5.32;3.36;1.96;633.0;1.96
5.61;3.8;1.81;658.0;1.88;5.43;3.67;1.76;702.0;1.77
5.61;3.8;1.81;658.0;1.88;5.43;3.67;1.76;702.0;1.77
5.66;3.7;1.96;892.0;1.39;5.26;2.76;2.5;600.0;2.06
5.93;3.86;2.07;605.0;2.05;5.21;3.36;1.85;750.0;1.65
5.69;4.11;1.58;800.0;1.55;5.44;3.77;1.67;747.0;1.66
5.69;4.11;1.58;800.0;1.55;5.44;3.77;1.67;747.0;1.66
5.38;4.06;1.32;850.0;1.46;5.27;3.55;1.72;780.0;1.59
5.38;4.06;1.32;850.0;1.46;5.27;3.55;1.72;780.0;1.59
5.93;3.86;2.07;605.0;2.05;5.27;3.55;1.72;780.0;1.59
5.5;3.9;1.6;940.0;1.32;5.2;3.6;1.6;780.0;1.59
5.5;3.9;1.6;940.0;1.32;5.2;3.6;1.6;780.0;1.59
5.66;4.23;1.43;1010.0;1.23;5.27;3.55;1.72;775.0;1.6
5.36;3.92;1.44;939.0;1.32;5.22;3.55;1.67;780.0;1.59
5.36;3.92;1.44;801.0;1.55;5.22;3.55;1.67;780.0;1.59
5.26;3.89;1.37;900.0;1.38;5.22;3.64;1.58;780.0;1.59
5.43;3.88;1.55;800.0;1.55;5.22;3.64;1.58;780.0;1.59
5.44;4.16;1.28;780.0;1.59;5.27;3.55;1.72;780.0;1.59
5.44;4.16;1.28;1000.0;1.24;5.27;3.55;1.89;780.0;1.59
5.44;4.16;1.28;1000.0;1.24;5.27;3.55;1.89;780.0;1.59
5.69;4.11;1.58;800.0;1.55;5.34;3.75;1.57;782.0;1.59
5.69;4.11;1.58;800.0;1.55;5.34;3.75;1.57;782.0;1.59
5.69;4.11;1.58;800.0;1.55;5.34;3.75;1.57;782.0;1.59
5.55;4.15;1.4;802.0;1.55;5.2;3.61;1.59;782.0;1.59
5.55;4.15;1.4;802.0;1.55;5.2;3.61;1.59;782.0;1.59
5.34;4.06;1.28;955.0;1.3;5.2;3.61;1.59;782.0;1.59
5.22;4.11;1.11;950.0;1.31;5.2;3.61;1.59;782.0;1.59
5.22;4.11;1.11;950.0;1.31;5.2;3.61;1.59;782.0;1.59
5.34;4.06;1.28;955.0;1.3;5.2;3.61;1.59;782.0;1.59
5.24;3.95;1.29;1007.0;1.23;5.2;3.66;1.54;782.0;1.59
5.22;3.91;1.31;959.0;1.29;5.2;3.66;1.54;782.0;1.59
5.8;3.8;2.0;850.0;1.46;5.05;3.4;1.65;782.0;1.59
5.67;3.55;2.12;800.0;1.55;5.05;3.4;1.65;782.0;1.59
5.28;3.67;1.61;740.0;1.67;5.15;3.44;1.71;780.0;1.59
5.25;3.65;1.6;747.0;1.66;5.15;3.44;1.71;780.0;1.59
5.68;4.09;1.59;780.0;1.59;5.52;3.64;1.88;785.0;1.58
5.66;3.94;1.72;705.0;1.76;5.52;3.64;1.88;785.0;1.58
5.48;3.83;1.65;725.0;1.7;5.52;3.64;1.88;785.0;1.58
5.51;3.83;1.68;720.0;1.72;5.52;3.64;1.88;785.0;1.58
5.47;3.84;1.63;844.0;1.47;5.26;3.62;1.64;782.0;1.59
5.44;3.72;1.72;810.0;1.53;5.26;3.62;1.64;782.0;1.59
5.44;3.72;1.72;810.0;1.53;5.26;3.62;1.64;782.0;1.59
5.44;3.72;1.72;810.0;1.53;5.26;3.62;1.64;782.0;1.59
5.44;3.72;1.72;810.0;1.53;5.26;3.62;1.64;782.0;1.59
5.44;3.72;1.72;810.0;1.53;5.26;3.62;1.64;782.0;1.59
5.5;3.93;1.57;885.0;1.4;5.2;3.59;1.61;782.0;1.59
5.53;3.94;1.59;850.0;1.47;5.2;3.59;1.61;782.0;1.59
5.62;3.93;1.69;840.0;1.48;5.2;3.59;1.61;782.0;1.59
5.79;3.9;1.89;879.0;1.41;5.27;3.55;1.72;785.0;1.58
5.79;3.9;1.89;879.0;1.41;5.27;3.55;1.72;785.0;1.58
6.1;3.64;2.46;646.0;1.92;5.27;3.55;1.72;785.0;1.58
6.18;3.67;2.51;588.0;2.11;5.27;3.55;1.72;785.0;1.58
6.18;3.67;2.51;588.0;2.11;5.27;3.55;1.72;785.0;1.58
6.1;3.64;2.46;646.0;1.92;5.27;3.55;1.72;785.0;1.58
5.28;3.87;1.41;900.0;1.38;5.2;3.59;1.61;782.0;1.59
5.28;3.87;1.41;900.0;1.38;5.2;3.59;1.61;782.0;1.59
5.43;3.81;1.62;797.0;1.55;5.2;3.59;1.61;782.0;1.59
5.37;3.95;1.42;1009.0;1.22;5.24;3.66;1.58;780.0;1.59
5.37;3.95;1.42;1009.0;1.22;5.24;3.66;1.58;780.0;1.59
5.39;3.9;1.49;925.0;1.28;5.24;3.66;1.58;780.0;1.59
5.39;3.9;1.49;925.0;1.28;5.24;3.66;1.58;780.0;1.59
5.52;3.88;1.64;826.0;1.46;5.24;3.66;1.58;780.0;1.59
5.52;3.88;1.64;826.0;1.46;5.24;3.66;1.58;780.0;1.59
5.42;4.14;1.28;1015.0;1.22;5.24;3.64;1.6;780.0;1.59
5.38;4.07;1.31;990.0;1.25;5.24;3.64;1.6;780.0;1.59
5.34;4.02;1.32;974.0;1.27;5.24;3.64;1.6;780.0;1.59
6.04;4.18;1.86;668.0;1.86;5.2;3.59;1.61;780.0;1.59
5.58;4.06;1.52;817.0;1.52;5.2;3.59;1.61;780.0;1.59
5.81;3.65;2.16;574.0;2.16;5.2;3.59;1.61;780.0;1.59
5.61;3.8;1.81;658.0;1.88;5.27;3.55;1.72;785.0;1.58
5.61;3.8;1.81;658.0;1.88;5.27;3.55;1.72;785.0;1.58
5.79;3.9;1.89;900.0;1.38;5.27;3.55;1.72;780.0;1.59
5.55;3.8;1.75;850.0;1.46;5.27;3.55;1.72;780.0;1.59
5.2;4.1;1.1;1127.0;1.1;5.2;3.5;1.7;785.0;1.58
5.3;4.1;1.2;960.0;1.3;5.2;3.5;1.7;785.0;1.58
5.4;4.0;1.4;1033.0;1.2;5.2;3.5;1.7;785.0;1.58
5.41;4.21;1.2;1034.0;1.2;5.2;3.46;1.74;785.0;1.58
5.44;4.19;1.25;1000.0;1.24;5.2;3.46;1.74;785.0;1.58
5.44;4.15;1.29;969.0;1.28;5.2;3.46;1.74;785.0;1.58
5.46;4.13;1.33;925.0;1.34;5.2;3.46;1.74;785.0;1.58
5.5;3.8;1.7;800.0;1.55;5.2;3.59;1.61;785.0;1.58
5.15;3.44;1.71;910.0;1.36;5.53;3.54;1.99;785.0;1.58
5.15;3.44;1.71;910.0;1.36;5.53;3.54;1.99;780.0;1.59
5.3;3.9;1.4;900.0;1.38;5.2;3.6;1.6;780.0;1.59
5.3;3.9;1.4;900.0;1.38;5.2;3.6;1.6;795.0;1.56
5.62;4.09;1.53;775.0;1.6;5.42;3.81;1.61;780.0;1.59
5.41;3.96;1.45;820.0;1.51;5.42;3.81;1.61;780.0;1.59
5.73;4.08;1.65;855.0;1.45;5.52;3.64;1.88;780.0;1.59
5.58;4.06;1.52;785.0;1.58;5.52;3.64;1.88;780.0;1.59
5.56;4.01;1.55;953.0;1.3;5.24;3.66;1.58;780.0;1.59
5.56;4.01;1.55;953.0;1.3;5.24;3.66;1.58;780.0;1.59
5.56;4.01;1.55;953.0;1.3;5.24;3.66;1.58;780.0;1.59
5.56;4.01;1.55;953.0;1.3;5.24;3.66;1.58;780.0;1.59
5.34;3.94;1.4;1021.0;1.21;5.27;3.55;1.72;780.0;1.59
5.38;4.06;1.48;1018.0;1.22;5.27;3.55;1.72;780.0;1.59
5.43;3.91;1.52;968.0;1.28;5.27;3.55;1.72;780.0;1.59
5.39;3.67;1.72;761.0;1.63;5.27;3.55;1.72;782.0;1.59
5.28;3.65;1.63;761.0;1.63;5.27;3.55;1.72;782.0;1.59
5.51;3.64;1.87;681.0;1.82;5.27;3.55;1.72;782.0;1.59
5.62;3.96;1.66;815.0;1.52;5.48;3.42;2.06;659.0;1.88
5.62;3.96;1.66;815.0;1.52;5.48;3.42;2.06;659.0;1.88
5.62;3.96;1.66;815.0;1.52;5.52;3.37;2.15;656.0;1.89
5.62;3.96;1.66;815.0;1.52;5.52;3.37;2.15;656.0;1.89
5.62;3.96;1.66;815.0;1.52;5.41;3.49;1.92;671.0;1.84
5.62;3.96;1.66;815.0;1.52;5.41;3.49;1.92;671.0;1.84
5.77;4.07;1.7;790.0;1.57;5.61;4.41;1.2;689.0;1.8
5.67;3.96;1.71;867.0;1.43;5.56;3.67;1.89;646.0;1.92
5.76;4.2;1.56;804.0;1.54;5.6;3.75;1.85;670.0;1.85
5.7;4.14;1.56;805.0;1.54;5.6;3.75;1.85;670.0;1.85
5.65;4.09;1.56;800.0;1.55;5.6;3.75;1.85;670.0;1.85
5.68;4.14;1.54;815.0;1.52;5.6;3.75;1.85;670.0;1.85
5.61;4.02;1.59;780.0;1.59;5.6;3.75;1.85;670.0;1.85
5.65;3.89;1.76;698.0;1.78;5.54;2.98;2.56;662.15;1.87
5.63;3.92;1.71;900.0;1.38;5.55;3.07;2.48;662.15;1.87
5.66;4.08;1.58;910.0;1.36;5.55;2.9;1.89;645.0;1.92
5.8;3.87;1.93;880.0;1.61;5.6;3.52;2.08;650.0;1.91
5.53;3.82;1.71;770.0;1.41;5.6;3.52;2.08;650.0;1.91
5.64;3.86;1.78;939.0;1.32;5.53;2.81;2.72;653.0;1.9
5.6;3.78;1.82;912.0;1.36;5.53;2.81;2.72;653.0;1.9
5.58;3.79;1.79;925.0;1.34;5.53;2.81;2.72;653.0;1.9
5.59;3.86;1.73;919.0;1.35;5.53;2.81;2.72;650.0;1.91
5.59;3.85;1.74;912.0;1.36;5.53;2.81;2.72;650.0;1.91
5.53;3.76;1.77;892.0;1.39;5.53;2.81;2.72;650.0;1.91
5.58;3.79;1.79;950.0;1.31;5.57;2.91;2.66;653.0;1.9
5.61;3.83;1.78;940.0;1.32;5.57;2.91;2.66;653.0;1.9
5.59;3.86;1.73;920.0;1.35;5.33;2.81;2.52;655.0;1.89
5.77;3.91;1.86;891.0;1.39;5.7;2.96;2.74;650.0;1.91
5.75;3.88;1.87;878.0;1.41;5.7;2.96;2.74;650.0;1.91
5.59;3.86;1.73;921.0;1.35;5.33;2.81;2.52;657.0;1.89
5.59;3.86;1.73;922.0;1.34;5.33;2.81;2.52;658.0;1.88
5.63;3.92;1.76;888.0;1.4;5.52;2.84;2.68;650.0;1.91
5.58;3.85;1.73;873.0;1.42;5.52;2.84;2.68;650.0;1.91
5.63;3.92;1.71;900.0;1.38;5.5;3.01;2.49;679.48;1.82
5.63;3.92;1.71;900.0;1.38;5.48;2.99;2.49;685.64;1.81
5.63;3.92;1.71;900.0;1.38;5.52;3.05;2.47;672.41;1.84
5.71;3.89;1.82;916.0;1.35;5.52;3.05;2.47;672.41;1.87
5.66;4.08;1.58;910.0;1.36;5.38;2.82;2.65;662.0;1.87
5.66;4.08;1.58;910.0;1.36;5.68;2.92;2.56;618.0;2.0
5.66;4.08;1.58;910.0;1.36;5.41;2.87;2.76;663.0;1.87
5.69;3.91;1.78;800.0;1.55;5.31;3.34;1.97;630.0;1.97
5.69;3.91;1.78;800.0;1.55;5.31;3.34;1.97;630.0;1.97
5.51;3.78;1.73;800.0;1.55;5.34;3.46;1.88;700.0;1.77
5.51;3.78;1.73;800.0;1.55;5.34;3.46;1.88;700.0;1.77
5.51;3.78;1.73;800.0;1.55;5.39;3.51;1.88;700.0;1.77
5.51;3.78;1.73;800.0;1.55;5.39;3.51;1.88;700.0;1.77
5.69;4.14;1.55;915.0;1.36;5.18;3.49;1.69;734.0;1.69
5.55;3.87;1.68;900.0;1.38;5.18;3.49;1.69;734.0;1.69
5.69;4.14;1.55;915.0;1.36;5.22;3.5;1.72;721.0;1.72
5.55;3.87;1.68;900.0;1.38;5.22;3.5;1.72;721.0;1.72
5.69;3.94;1.75;900.0;1.38;5.4;3.1;2.3;750.0;1.65
5.69;4.14;1.55;915.0;1.36;5.11;3.45;1.66;747.0;1.66
5.55;3.87;1.68;900.0;1.38;5.11;3.45;1.66;747.0;1.66
5.54;3.98;1.56;870.0;1.43;5.52;3.72;1.8;695.0;1.78
5.53;3.76;1.56;895.0;1.39;5.52;3.72;1.8;695.0;1.78
5.65;4.1;1.55;910.0;1.36;5.25;2.78;2.47;670.0;1.85
5.65;4.1;1.55;910.0;1.36;5.37;2.81;2.56;660.0;1.88
5.65;4.1;1.55;910.0;1.36;5.32;2.81;2.51;670.0;1.85
5.72;3.89;1.83;912.0;1.36;5.5;2.85;2.65;689.0;1.8
5.72;3.89;1.83;912.0;1.36;5.51;2.92;2.59;679.0;1.83
5.72;3.89;1.83;912.0;1.36;5.44;2.85;2.59;672.0;1.85
5.72;3.89;1.83;912.0;1.36;5.55;2.85;2.7;668.0;1.86
5.59;4.26;1.33;935.0;1.33;5.14;3.32;1.82;668.0;1.86
5.59;4.26;1.33;935.0;1.33;5.32;3.5;1.82;656.0;1.89
5.55;3.87;1.68;900.0;1.38;5.31;3.62;1.69;729.0;1.7
