;Target_CI
0;0.2855249023036297
1;0.2855249023036297
2;0.5385485687636009
3;0.5385485687636009
4;0.5385485687636009
5;0.5385485687636009
6;0.5385485687636009
7;0.6974771870656926
8;0.7087488889089624
9;0.6903651386219223
10;0.725719736727477
11;0.725719736727477
12;0.679569292525282
13;0.7453260375424658
14;0.7358631920203204
15;0.7358631920203204
16;0.7358631920203204
17;0.776897375687776
18;0.776897375687776
19;0.7346920027941418
20;0.7825243886003369
21;0.7903020415318973
22;0.7864785444886583
23;0.6708393422146115
24;0.7536827084691459
25;0.7832220634171188
26;0.7642824539336092
27;0.7642824539336092
28;0.7719930076372283
29;0.7719930076372283
30;0.6777953878310061
31;0.7582530201628976
32;0.7723635589681266
33;0.7677690437432588
34;0.7561696083997362
35;0.7561696083997362
36;0.7441507800486387
37;0.7441507800486387
38;0.7719930076372283
39;0.7719930076372283
40;0.6604677839495107
41;0.6621727185811792
42;0.7539123416779236
43;0.5787807010185999
44;0.7409252583169639
45;0.768403687444898
46;0.4810996389676158
47;0.7747536016866625
48;0.7747536016866625
49;0.7747536016866625
50;0.7185454132528986
51;0.7185454132528986
52;0.7763261764961625
53;0.7268495789382775
54;0.7804570805063076
55;0.78499779385662
56;0.7872384482386748
57;0.7753437030027421
58;0.7391578859139628
59;0.7071228335048844
60;0.7754982035133073
61;0.7754982035133073
62;0.6421909064345538
63;0.7481370874515106
64;0.7868528448564319
65;0.7368011889986938
66;0.7887305878342838
67;0.541848830750522
68;0.7788812628423796
69;0.29037799444798457
70;0.29037799444798457
71;0.7287631580976037
72;0.7347487934628225
73;0.7841046028966416
74;0.7841046028966416
75;0.7728349755619375
76;0.7579690734977471
77;0.7655190506488173
78;0.7420878116138228
79;0.6727312880889106
80;0.7597115046872409
81;0.7597115046872409
82;0.7597115046872409
83;0.7597115046872409
84;0.7597115046872409
85;0.7597115046872409
86;0.7597115046872409
87;0.7844322989738414
88;0.7844322989738414
89;0.7395705519916512
90;0.7758793415302274
91;0.7758793415302274
92;0.7758793415302274
93;0.7709360406414931
94;0.7360458390581149
95;0.7278506808747962
96;0.7278506808747962
97;0.7551768033248436
98;0.7551768033248436
99;0.7360458390581149
100;0.7360458390581149
101;0.7360458390581149
102;0.7360458390581149
103;0.7804842046185135
104;0.7783921660265
105;0.7792093839632385
106;0.7817364906204904
107;0.7844322989738414
108;0.775840396163762
109;0.7397246562562739
110;0.7360165550723411
111;0.7360165550723411
112;0.7410985483608177
113;0.7410985483608177
114;0.7367672561173072
115;0.7091530545026918
116;0.789239144551339
117;0.7812385828966494
118;0.778631626893918
119;0.7546143203346952
120;0.7702162768452213
121;0.7834332686646622
122;0.776897375687776
123;0.7683054212964898
124;0.7722780906824482
125;0.7722780906824482
126;0.747948685078383
127;0.747948685078383
128;0.7351693495215222
129;0.7505761789822979
130;0.7964182238040391
131;0.7823559813897595
132;0.7823559813897595
133;0.7823559813897595
134;0.7723090739054982
135;0.7723090739054982
136;0.7723090739054982
137;0.7712880846397259
138;0.7755552203020113
139;0.7514435833229784
140;0.7652931698457661
141;0.7673369145471434
142;0.7964182238040391
143;0.7964182238040391
144;0.7964182238040391
145;0.7964182238040391
146;0.7964182238040391
147;0.7964182238040391
148;0.7804237293804375
149;0.7804237293804375
150;0.7804237293804375
151;0.7508896038698597
152;0.7464695188179233
153;0.7464695188179233
154;0.7351404691158517
155;0.5635380832544664
156;0.5534242743819758
157;0.5337593695545718
158;0.5543288246192374
159;0.5497156773246025
160;0.5371521739878881
161;0.5601351464130728
162;0.5601351464130728
163;0.577594755718757
164;0.6163062275565802
165;0.6132238553138523
166;0.5672973132846449
167;0.5672973132846449
168;0.5720411908134942
169;0.5720411908134942
170;0.5195944509568764
171;0.5195944509568764
172;0.601796861148916
173;0.601796861148916
174;0.6308801375021779
175;0.5512174223535763
176;0.5773564485518852
177;0.6257584874189075
178;0.60426542666699
179;0.6024105275877423
180;0.6276791657827046
181;0.5556069982958403
182;0.5629877944503591
183;0.6196628031101217
184;0.5921244993059281
185;0.5881075144398511
186;0.5104213163627541
187;0.5565878131176727
188;0.5801564177103595
189;0.715513024020105
190;0.515620814411375
191;0.515620814411375
192;0.6036610246780376
193;0.6036610246780376
194;0.5662875162483921
195;0.5662875162483921
196;0.726860959193914
197;0.7369732276831797
198;0.7250925437024609
199;0.7229810215753597
200;0.777045231823585
201;0.7255618634557661
202;0.7737189920861223
203;0.777045231823585
204;0.777045231823585
205;0.5099029909385359
206;0.5099029909385359
207;0.5099029909385359
208;0.5626009466685474
209;0.5626009466685474
210;0.5626009466685474
211;0.692021681934431
212;0.6721514583042005
213;0.42948533696386054
214;0.5539835115722054
215;0.5539835115722054
216;0.47626878255993116
217;0.47626878255993116
218;0.47626878255993116
219;0.5540798232394054
220;0.35095544438673726
221;0.35095544438673726
222;0.641571430888121
223;0.654257370487628
224;0.6095506956759326
225;0.546866239774502
226;0.620762242193916
227;0.6518358977840418
228;0.6136280318234419
229;0.5289892491631324
230;0.5065918781372797
231;0.48396827764098765
232;0.537645285883048
233;0.6343168829446775
234;0.26164587833730496
235;0.609376249780133
236;0.6159670413780816
237;0.5632907557939941
238;0.6272882262877041
239;0.581615631203385
240;0.5533418739655787
241;0.512116483150601
242;0.6371142140583463
243;0.5693436210317024
244;0.5693436210317024
245;0.5693436210317024
246;0.5319620536325405
247;0.5319620536325405
248;0.5319620536325405
249;0.5319620536325405
250;0.5455364086092874
251;0.5455364086092874
252;0.5455364086092874
253;0.6396940608198157
254;0.6224135473450483
255;0.6224135473450483
256;0.6487184162856587
257;0.6487184162856587
258;0.652406179834402
259;0.5975338644663789
260;0.6203171944851603
261;0.5947005305119141
262;0.5729447831288139
263;0.6728781123094246
264;0.7128157349593172
265;0.6255330838168304
266;0.6224757165311283
267;0.610422654891415
268;0.6093333743255777
269;0.6093333743255777
270;0.6232357133027022
271;0.6232357133027022
272;0.6342415922186061
273;0.6342415922186061
274;0.562787165294148
275;0.5873456718675875
276;0.5392093868121504
277;0.6218223474644092
278;0.5807004402981251
279;0.5621123286052747
280;0.5621123286052747
281;0.48831126828593574
282;0.48831126828593574
283;0.6781610466422999
284;0.6579046961727951
285;0.6280009413936243
286;0.5711596303883659
287;0.5001120235733095
288;0.5001120235733095
289;0.5001120235733095
290;0.5864193174581462
291;0.5864193174581462
292;0.5864193174581462
293;0.619483561837205
294;0.6369691120782799
295;0.599014916513852
296;0.5852677517695375
297;0.5852677517695375
298;0.6077643940921693
299;0.6077643940921693
300;0.27185837885166225
301;0.5514289468405317
302;0.5514289468405317
303;0.7361359117046354
304;0.19351529051877647
305;0.5379471108736111
306;0.6088539004600232
307;0.3629781861846143
308;0.7664628321820591
309;0.7664628321820591
310;0.6546664280419252
311;0.7452161824555583
312;0.7509833029913933
313;0.6896539977228242
314;0.6393789125182683
315;0.28593317618639824
316;0.31691581051603557
317;0.445481022274514
318;0.46504409034642274
319;0.5597762911204034
320;0.5298166289855161
321;0.6318589072857074
322;0.5999960879079658
323;0.5532540277968985
324;0.5663701299898657
325;0.6137670637031254
326;0.29674347272490925
327;0.3008187087906332
328;0.18058937004336725
329;0.29423664452393694
330;0.23964480559898738
331;0.29677707666846104
332;0.29677707666846104
333;0.29677707666846104
334;0.2534395077555756
335;0.35790062168038717
336;0.47474507230372115
337;0.3539004493039523
338;0.33154280277603315
339;0.14146601637308906
340;0.03284169833752157
341;0.4002041290745167
342;0.34979823953880707
343;0.3628319857841208
344;0.3526294275766674
345;0.4084156267045482
346;0.4084156267045482
347;0.48728295394245924
348;0.41053126176879695
349;0.2627243371864091
350;0.34047456948666643
351;0.30846756042611495
352;0.22493417238297614
353;0.22760943133862196
354;0.6010454052294103
355;0.704059589307431
356;0.5835820085493356
357;0.6536371067238006
358;0.7027252947260074
359;0.7106250085263343
360;0.7031583197529586
361;0.7360610329066256
362;0.6529668159784774
363;0.7299481319693779
364;0.7048458235935805
365;0.7254713712248281
366;0.47742539682438134
367;0.6800430015426341
368;0.6396812295714344
369;0.69475640908562
370;0.6559483911114623
371;0.5346044071801705
372;0.7081089694507575
373;0.7025460126879252
374;0.6325584872723691
375;0.3817756752275758
376;0.7738571135602473
377;0.7738571135602473
378;0.7738571135602473
379;0.280602258110789
380;0.7784215298866448
381;0.7784215298866448
382;0.7784215298866448
383;0.7734818534840638
384;0.7743179000719891
385;0.7743179000719891
386;0.7648773933989546
387;0.7648773933989546
388;0.7648773933989546
389;0.5556542989933697
390;0.5460236207876004
391;0.5460236207876004
392;0.5556542989933697
393;0.5473482355393331
394;0.5473482355393331
395;0.5896575520313859
396;0.6014161738106323
397;0.5058101725617037
398;0.5058101725617037
399;0.38726039317776656
400;0.5484012206247825
401;0.5484012206247825
402;0.38726039317776656
403;0.6047327849618974
404;0.6047327849618974
405;0.6219147655328903
406;0.6219147655328903
407;0.6286859225990634
408;0.6152734331845524
409;0.638330816851327
410;0.6218546587578615
411;0.5715953570830892
412;0.6370812511177422
413;0.5915275134046475
414;0.5713855082251607
415;0.6231354117324298
416;0.5429817398324699
417;0.5429817398324699
418;0.6252689082138704
419;0.6370607348631186
420;0.6587055071310877
421;0.6771644961252824
422;0.6678783629197528
423;0.682465768341368
424;0.6454296335534588
425;0.6538143174740948
426;0.5933908480102024
427;0.6464379325475839
428;0.6424935023967421
429;0.5034350194837612
430;0.6037694965738569
431;0.6051690848965587
432;0.5874252103367837
433;0.5964593765021625
434;0.591479059971585
435;0.5626010782693183
436;0.5195459660779341
437;0.5906371095109023
438;0.5338622229770568
439;0.5646538073564855
440;0.5811610038760483
441;0.5811610038760483
442;0.5811610038760483
443;0.5811610038760483
444;0.5811610038760483
445;0.628533943298594
446;0.6507011345621365
447;0.6400307303268167
448;0.47191883781561217
449;0.6076726796757395
450;0.6086519904051827
451;0.5867378551832625
452;0.662558727931068
453;0.6203567746081616
454;0.6203567746081616
455;0.6218373094876315
456;0.49626603219190757
457;0.5891888889504997
458;0.643942227063386
459;0.6484446767012887
460;0.657735304819615
461;0.5025082084101252
462;0.6675881972421913
463;0.597970076108441
464;0.6620528282947333
465;0.6107124884748758
466;0.6419651308611931
467;0.599203625946125
468;0.6357018940458263
469;0.5663896545760194
470;0.570786610479297
471;0.5868182036915269
472;0.5713436156273763
473;0.6012758310833826
474;0.5442595574819239
475;0.6449392990229083
476;0.632467161255417
477;0.6205547199596828
478;0.6196012675063507
479;0.6244175875001032
480;0.6256293102098229
481;0.5851762160491614
482;0.5851762160491614
483;0.6157360651977929
484;0.6157360651977929
485;0.566988855804138
486;0.566988855804138
487;0.6074931325388538
488;0.6228293071945644
489;0.5763935258624189
490;0.624793480965367
491;0.5958720085150201
492;0.6425480267668925
493;0.6384565430885168
494;0.47293141466231264
495;0.5008713255814532
496;0.40568392547314314
497;0.5008713255814532
498;0.6515066583297123
499;0.6902866287339631
500;0.573837569051577
501;0.37186359206314173
502;0.5303598664556576
503;0.6369751244673733
504;0.6588833474599027
505;0.030104331964658046
506;0.346217319840069
507;0.28373991100550877
508;0.6385431294006408
509;0.6522125986509074
510;0.5905202934359604
511;0.6037022629894819
512;0.6139929635473084
513;0.6182101142507137
514;0.5961691586739983
515;0.6099327456357381
516;0.4648978781839839
517;0.5724023863823716
518;0.5666728178466814
519;0.6045069689101377
520;0.6311746289998137
521;0.5787524791884066
522;0.564434910932833
523;0.5939984976236695
524;0.5929803442201338
525;0.49930495374878003
526;0.5591447227911754
527;0.585337085205782
528;0.6701455125064416
529;0.675605415878546
530;0.6612124752500692
531;0.6779785367285229
532;0.6009972752709335
533;0.6009972752709335
534;0.5098721592235865
535;0.5098721592235865
536;0.5094495592383761
537;0.5094495592383761
538;0.6163072329644607
539;0.6826883965984023
540;0.6564483541860056
541;0.6112879299842409
542;0.6259523754867462
543;0.673016970260708
544;0.6828548425082787
545;0.6090797529759636
546;0.6105175327094948
547;0.6105514073795525
548;0.6105514073795525
549;0.611916307612247
550;0.611916307612247
551;0.5782370977006267
552;0.5782370977006267
553;0.599950545279931
554;0.6200960971832429
555;0.6320514422797018
556;0.5653448980903163
557;0.5846166900763652
558;0.4233477523018669
559;0.5648916751751052
560;0.5337210015859611
561;0.4953518415853855
562;0.5481916245953964
563;0.5557063806452297
564;0.5586386960720197
565;0.6054585220661641
566;0.4188730177704271
567;0.47706097026996375
568;0.44514053624090183
569;0.5863548759996431
570;0.5669307978775591
571;0.5971977198096796
572;0.6095047531342022
573;0.5190609892289924
574;0.5323071149835585
575;0.5484883839967907
576;0.6288949167087774
577;0.5893608821926996
578;0.5836818376981544
579;0.5999742138503826
580;0.631416144729053
581;0.6011391383494402
582;0.5952145629040452
583;0.597221576875954
584;0.554980974553438
585;0.5270321013520769
586;0.6330630871913857
587;0.6153552650832304
588;0.6231734928790212
589;0.5454789554027893
590;0.5893608821926996
591;0.6084146405431035
592;0.6084146405431035
593;0.6307063473549556
594;0.6310112996054213
595;0.6072385843022958
596;0.6087175998073647
597;0.5301965180895212
598;0.6403709130720934
599;0.6420240521251871
600;0.673498753140076
601;0.6765973347559957
602;0.5848850389275572
603;0.6048005305737457
604;0.6527478285170544
605;0.5968859176619157
606;0.5894725928768607
607;0.6063228375808551
608;0.568808777126592
609;0.6026417811264148
610;0.598351670686815
611;0.598351670686815
612;0.5889109562783047
613;0.5552332478365019
614;0.5793676538601884
615;0.5781293652539886
616;0.5798036511572678
617;0.5750655776566833
618;0.5707108249643075
619;0.5707108249643075
620;0.5750655776566833
621;0.6453586832122249
622;0.6121959286551997
623;0.5667435663507602
624;0.6290456339049828
625;0.6022529700896361
626;0.64532662181253
627;0.64532662181253
628;0.64532662181253
629;0.64532662181253
630;0.64532662181253
631;0.5992776552440573
632;0.639709979859495
633;0.6401702778125071
634;0.6479220049884021
635;0.5709649757451509
636;0.6153882624067997
637;0.6276808626567842
638;0.5360723041118839
639;0.5493398233856357
640;0.6088232920764193
641;0.6092776763647266
642;0.5720103114264811
643;0.5614221916783536
644;0.7231783804231402
645;0.7130419922452041
646;0.6711610442581794
647;0.657932287244974
648;0.6546453594026775
649;0.6325998712085167
650;0.6869646444326324
651;0.5886091454411345
652;0.6623048840550588
653;0.7263071594878583
654;0.7349466076304029
655;0.6869694797050019
656;0.6361023399821889
657;0.6361097816612756
658;0.6347803632822616
659;0.6215855847533694
660;0.4496351716621824
661;0.6875586767369262
662;0.6984914135665653
663;0.6816584153447786
664;0.6162452257469112
665;0.6252151227186301
666;0.6089304985125289
667;0.6784424612377897
668;0.7712061496497951
669;0.7712061496497951
670;0.7712061496497951
671;0.7712061496497951
672;0.7712061496497951
673;0.7712061496497951
674;0.6628127015952547
675;0.4652480276471155
676;0.5431590999918421
677;0.6062819752082758
678;0.7096408689375359
679;0.6955022644365784
680;0.6394975225382223
681;0.7237321653953763
682;0.6994256290722975
683;0.7134888416231157
684;0.7438707095106526
685;0.7418630392458071
686;0.7418630392458071
687;0.7342503262638632
688;0.7418630392458071
689;0.7342503262638632
690;0.7342503262638632
691;0.7232567005052682
692;0.7232567005052682
693;0.757902256225007
694;0.757902256225007
695;0.757902256225007
696;0.757902256225007
697;0.757902256225007
698;0.757902256225007
699;0.7635734145463887
700;0.7635734145463887
701;0.7635734145463887
702;0.7635734145463887
703;0.6665515646207462
704;0.6465870683010138
705;0.7658134182930234
706;0.7658134182930234
707;0.7658134182930234
708;0.7561411966838437
709;0.7614341026624747
710;0.7089053679689641
711;0.6793982894023844
712;0.6538558654540181
713;0.7016431726631167
714;0.7157717288919255
715;0.7431669266096631
716;0.7393499515210474
717;0.7208662774921902
718;0.7251176806632446
719;0.7626034435047075
720;0.758456094683973
721;0.7738061791523909
722;0.7484011851156243
723;0.7484011851156243
724;0.7484011851156243
725;0.7740534070875622
726;0.7376605530491468
727;0.7376605530491468
728;0.7592480493387667
729;0.7592480493387667
730;0.7776083610875467
731;0.7776083610875467
732;0.7749337509421685
733;0.7530108580499313
734;0.7371505496554669
735;0.7822670497127369
736;0.688045014691277
737;0.749292167113047
738;0.7442998814269544
739;0.6261724091342571
740;0.7182133774820835
741;0.6971971995406849
742;0.6812516990446342
743;0.7671546333974568
744;0.7427826340129423
745;0.7427826340129423
746;0.7676584813567782
747;0.7676584813567782
748;0.7661941417629813
749;0.7828744932817074
750;0.7828744932817074
751;0.7828744932817074
752;0.7445083478268754
753;0.7445083478268754
754;0.6908142512536124
755;0.6012729936065111
756;0.7622054304290664
757;0.7729100106490991
758;0.7469723155753332
759;0.7625746754032662
760;0.7692110763182287
761;0.5915935908432656
762;0.6534865214094083
763;0.6888411061214932
764;0.5632930475187256
765;0.6031860710369451
766;0.6421958151105586
767;0.6638309788188772
768;0.6725342626785831
769;0.6754864550582621
770;0.5979973267459859
771;0.6714624161266296
772;0.7243284738254354
773;0.7182255514726237
774;0.7383726761968152
775;0.737426357492551
776;0.7416889517831002
777;0.5525996003125047
778;0.7332189557726058
779;0.7454626048125311
780;0.7440313926068057
781;0.7411719995550551
782;0.6785132526741899
783;0.550506144243216
784;0.550506144243216
785;0.550506144243216
786;0.550506144243216
787;0.7405012367065318
788;0.7405012367065318
789;0.7405012367065318
790;0.7405012367065318
791;0.7000238195994181
792;0.7000238195994181
793;0.7000238195994181
794;0.7000238195994181
795;0.7275288168232141
796;0.7275288168232141
797;0.7275288168232141
798;0.7275288168232141
799;0.7182421679272147
800;0.676601746736726
801;0.600990807447031
802;0.7390402334467985
803;0.7586855602135387
804;0.7529116564891523
805;0.7334237794613848
806;0.7426434861247271
807;0.7469574498747371
808;0.7485886414615845
809;0.7415732650630594
810;0.48368878181575714
811;0.7341516107396405
812;0.7403175681334944
813;0.7270295848910412
814;0.7592704055979757
815;0.7689597905681748
816;0.7498635051476538
817;0.7541127203584089
818;0.7541127203584089
819;0.7522463080371982
820;0.7515317426497086
821;0.768074163409342
822;0.7677636912537601
823;0.7569294603715101
824;0.7449780624612565
825;0.7483781277897141
826;0.7557001800579632
827;0.7557001800579632
828;0.7701350790676871
829;0.751964428040566
830;0.7543611288138957
831;0.757707480486814
832;0.7518240765191794
833;0.7518240765191794
834;0.766935334152352
835;0.766935334152352
836;0.7425217529540082
837;0.7425217529540082
838;0.7374088917165569
839;0.7374088917165569
840;0.5520353838600056
841;0.6317017013298962
842;0.7099864450265206
843;0.6411542180218407
844;0.7039204028918493
845;0.7334224174346307
846;0.6544664376046126
847;0.7195385827968594
848;0.6365621057935822
849;0.7373182006499907
850;0.748304606549366
851;0.7327145473609948
852;0.7329010979945224
853;0.765833100105022
854;0.7817816047784946
855;0.7482401366089929
856;0.7797599135594895
857;0.7391776042606574
858;0.7445083478268754
859;0.6454476007580469
860;0.520154002344495
861;0.6454476007580469
862;0.520154002344495
863;0.7295045411199894
864;0.7463748708420759
865;0.7324654170151349
866;0.7040701558374796
867;0.633162350039218
868;0.7365070475296827
869;0.7365070475296827
870;0.7243961119437073
871;0.7253737632938424
872;0.7173735644300918
873;0.6995826369770631
874;0.6995826369770631
875;0.6995826369770631
876;0.6995826369770631
877;0.7421634377113255
878;0.7349659868953193
879;0.7281493388036447
880;0.7574501614092195
881;0.7574501614092195
882;0.7408761023800103
883;0.7574501614092195
884;0.6116903568808947
885;0.7169247341913071
886;0.7476717219502271
887;0.7233851975843093
888;0.7128098308719695
889;0.7485886414615845
890;0.7478958117073622
891;0.7357030687826364
892;0.7194613799987154
893;0.6750413230445735
894;0.7397306286396238
895;0.7194613799987154
896;0.7397306286396238
897;0.7767341488171047
898;0.7767341488171047
899;0.7617122285062452
900;0.7668543272442758
901;0.7839964219224547
902;0.778837546387986
903;0.7748279789501843
904;0.7797413552770961
905;0.7839964219224547
906;0.7713750179420825
907;0.6581865647106296
908;0.7217415375069302
909;0.6887197745968943
910;0.6469660562627024
911;0.6297616141996796
912;0.7234236806907023
913;0.7394186514286134
914;0.7578856122735532
915;0.7589970233439449
916;0.7562978234929528
917;0.7409444786424833
918;0.7107714318018596
919;0.7422935082090336
920;0.7179968978106875
921;0.7184514142291347
922;0.5914069738616093
923;0.6993242819734119
924;0.7187596776026333
925;0.7633963418747064
926;0.7633963418747064
927;0.7633963418747064
928;0.7633963418747064
929;0.7674823869874406
930;0.7674823869874406
931;0.7674823869874406
932;0.7674823869874406
933;0.7083486377388154
934;0.7586618297857697
935;0.6747329345684797
936;0.6891736701413069
937;0.7790455836048256
938;0.7790455836048256
939;0.7086440319353622
940;0.6999420944238357
941;0.724024419184686
942;0.724024419184686
943;0.5822519808447741
944;0.7431042298273887
945;0.6656297321179818
946;0.7790058717035749
947;0.7094701472850834
948;0.5999043003226523
949;0.7530111430707609
950;0.7530111430707609
951;0.7839964219224547
952;0.7855112790762311
953;0.784566452819077
954;0.7837404702958412
955;0.7822212081554203
956;0.7271968091841647
957;0.7222800166402454
958;0.7199590350581729
959;0.7078639304461396
960;0.7078639304461396
961;0.7222800166402454
962;0.7271968091841647
963;0.703792184988873
964;0.7397154191266028
965;0.7338170371613199
966;0.758756079988164
967;0.7424453095493326
968;0.7420376954861607
969;0.7514518002691237
970;0.7420376954861607
971;0.7514518002691237
972;0.7581038758877944
973;0.6867229134418559
974;0.7466069125358117
975;0.7581038758877944
976;0.7432139302844919
977;0.751803965927509
978;0.7774352188815097
979;0.776645615234302
980;0.7631453566305783
981;0.7683055929692026
982;0.7797697742780844
983;0.7357511044209923
984;0.7292848509218034
985;0.7732956844851809
986;0.7732956844851809
987;0.7474413464244758
988;0.7522472461149982
989;0.7474413464244758
990;0.7522472461149982
991;0.7757968900011047
992;0.7719150091468184
993;0.6600103027859657
994;0.6861726701553621
995;0.7620997915537366
996;0.7139321079221956
997;0.49849109299667266
998;0.7137413785519547
999;0.7220409719613602
1000;0.7301312358182049
1001;0.7290236183858259
1002;0.7234009106368272
1003;0.7316628281631029
1004;0.7516355598607064
1005;0.7434846825603978
1006;0.7445351204834887
1007;0.728837003952197
1008;0.7475247832888646
1009;0.7425214221023322
1010;0.7524192141043775
1011;0.7441099006408668
1012;0.7358564092636769
1013;0.7347053426503166
1014;0.7572928612108583
1015;0.7358564092636769
1016;0.7358564092636769
1017;0.7358564092636769
1018;0.7358564092636769
1019;0.7347053426503166
1020;0.7347053426503166
1021;0.7358564092636769
1022;0.7778085535810741
1023;0.7310771208672151
1024;0.7542803548203567
1025;0.7768610573224516
1026;0.7343917831915547
1027;0.7727559223541284
1028;0.7702468580312617
1029;0.7836753637996169
1030;0.7445083478268754
1031;0.7445083478268754
1032;0.7445083478268754
1033;0.7134041299327449
1034;0.7139947736629156
1035;0.7130626664246963
1036;0.7658134182930234
1037;0.7472519730784721
1038;0.7596385961207094
1039;0.7957871109561787
1040;0.7244198869920341
1041;0.6828378074348812
1042;0.6878923864595433
1043;0.6959798045211162
1044;0.6044345580202475
1045;0.7080074070320127
1046;0.7080074070320127
1047;0.7080074070320127
1048;0.7106046830399132
1049;0.7106046830399132
1050;0.7106046830399132
1051;0.7106046830399132
1052;0.7232567005052682
1053;0.757902256225007
1054;0.757902256225007
1055;0.757902256225007
1056;0.7263251857520612
1057;0.7376101728898208
1058;0.716336874283338
1059;0.3751900517583664
1060;0.6732373345631915
1061;0.7345732560526623
1062;0.7299305118693644
1063;0.7122512224982651
1064;0.7301421073283518
1065;0.7379846981518213
1066;0.6511664530873442
1067;0.5504399860396598
1068;0.6797868894092616
1069;0.6521597483978173
1070;0.6292251827805997
1071;0.6307458384677087
1072;0.6836657737346205
1073;0.6795378313660819
1074;0.6836657737346205
1075;0.6795378313660819
1076;0.6836657737346205
1077;0.6514346172340101
1078;0.6030474217704155
1079;0.7056488861803711
1080;0.6284506589782574
1081;0.7324115966509837
1082;0.7125668987064807
1083;0.682776824642784
1084;0.7357725877990392
1085;0.7357725877990392
1086;0.682776824642784
1087;0.7113513646301531
1088;0.7113513646301531
1089;0.6331440310401449
1090;0.7480025627394885
1091;0.6712180626972436
1092;0.7448277676610456
1093;0.6390273906224729
1094;0.6602177430329659
1095;0.6150726427935064
1096;0.6112060342283085
1097;0.6228163362907588
1098;0.5853849377430085
1099;0.738000041479425
1100;0.7480025627394885
1101;0.7480025627394885
1102;0.7468794620469866
1103;0.7468794620469866
1104;0.7786850517813414
1105;0.7786850517813414
1106;0.6363671819679859
1107;0.6706477604651382
1108;0.7460059594772559
1109;0.5916202272727422
1110;0.6046133325116866
1111;0.5916202272727422
1112;0.5892551356889719
1113;0.6584008031319628
1114;0.7180499990038691
1115;0.7137572740673134
1116;0.7180499990038691
1117;0.7137572740673134
1118;0.7137572740673134
1119;0.7137572740673134
1120;0.7137572740673134
1121;0.7137572740673134
1122;0.7020187713924707
1123;0.7020187713924707
1124;0.7137572740673134
1125;0.7020187713924707
1126;0.7020187713924707
1127;0.7020187713924707
1128;0.7020187713924707
1129;0.7020187713924707
1130;0.6823023877676714
1131;0.4181085621622055
1132;0.44873649394376913
1133;0.6761968747646987
1134;0.6761968747646987
1135;0.6761968747646987
1136;0.7780440409961021
1137;0.6999937596310868
1138;0.6986598842062814
1139;0.7397702945186654
1140;0.7520385175518807
1141;0.6608848150648227
1142;0.6456060868902523
1143;0.5180735705946706
1144;0.7312723828333074
1145;0.598865910857937
1146;0.7308817185605248
1147;0.7380730964727013
1148;0.7479535396072581
1149;0.7408481594899559
1150;0.760244324965501
1151;0.6807153797784261
1152;0.7025369324312938
1153;0.699851983617487
1154;0.7365035053137163
1155;0.6556574427000305
1156;0.5715507642182315
1157;0.5849049172944816
1158;0.7013164122126146
1159;0.6968497029891683
1160;0.6868422114508478
1161;0.7041393458502958
1162;0.584528298974972
1163;0.6386881856056057
1164;0.643671232357994
1165;0.5992276465305983
1166;0.617085900480869
1167;0.5657823799302156
1168;0.5598239459701891
1169;0.4939326151764845
1170;0.6143824894231781
1171;0.5719599913868902
1172;0.4497088368025511
1173;0.6192265082135667
1174;0.5994534953551448
1175;0.6251783505378115
1176;0.6157574481967281
1177;0.5760596403494433
1178;0.5236504022461774
1179;0.5341870370058901
1180;0.6253283816255765
1181;0.507386811348987
1182;0.7018275223903342
1183;0.6684711985958058
1184;0.6147219482654422
1185;0.7227105998189425
1186;0.24353249496409396
1187;0.6573064114967757
1188;0.5930629953527424
1189;0.6573064114967757
1190;0.5911525946685918
1191;0.589819579649061
1192;0.589819579649061
1193;0.589819579649061
1194;0.589819579649061
1195;0.6637258562489687
1196;0.5921822357607779
1197;0.6243474581493538
1198;0.6985137792749311
1199;0.658116094415745
1200;0.6956385554766833
1201;0.6826265841875455
1202;0.6826265841875455
1203;0.5614614239430664
1204;0.5614614239430664
1205;0.6570561859935002
1206;0.7309231510612623
1207;0.6933623369375844
1208;0.6834919728489
1209;0.754462435508164
1210;0.6758591069302534
1211;0.5821287319554121
1212;0.5994387357617633
1213;0.622584507090508
1214;0.5891134350686148
1215;0.6844510088502516
1216;0.7139764698987293
1217;0.7160565749647809
1218;0.7172636638229061
1219;0.5617984667432669
1220;0.5995381043494183
1221;0.5886479044070838
1222;0.5673073472476085
1223;0.6864768176117967
1224;0.6741988543187624
1225;0.6316767809772603
1226;0.6736169280649597
1227;0.6736169280649597
1228;0.5932127897939565
1229;0.6215218491722592
1230;0.5570655233807869
1231;0.6066955679560582
1232;0.6419781757789993
1233;0.6790193950392805
1234;0.6318192750938427
1235;0.7032074569356876
1236;0.7032074569356876
1237;0.7032074569356876
1238;0.6709789275434884
1239;0.62645651783678
1240;0.6704077399901283
1241;0.6032916454619738
1242;0.6032916454619738
1243;0.5851355401028762
1244;0.6032916454619738
1245;0.5937172910348388
1246;0.5832384908609728
1247;0.6597643982823027
1248;0.6597643982823027
1249;0.1834980873769783
1250;0.45747476880429705
1251;0.45747476880429705
1252;0.45747476880429705
1253;0.5561937435532277
1254;0.5395867351574428
1255;0.42708808416960625
1256;0.6019351354866125
1257;0.4593172324327268
1258;0.4938196354978582
1259;0.4653259666896489
1260;0.49435340533261657
1261;0.6354124716264542
1262;0.7090433966502181
1263;0.7456809636328171
1264;0.7521534645912099
1265;0.7323342606162859
1266;0.763066069169327
1267;0.7545536930451298
1268;0.7435910447209864
1269;0.7545536930451298
1270;0.5862738786280768
1271;0.7267614369591304
1272;0.7573037994720625
1273;0.7196113426015363
1274;0.654927295283782
1275;0.7612881911235676
1276;0.5329065684504245
1277;0.7743861654616115
1278;0.7738154195586873
1279;0.7586297508869123
1280;0.6221208913195159
1281;0.6175169406618255
1282;0.6176399773763488
1283;0.6232055577660987
1284;0.6618450369232636
1285;0.641779052169232
1286;0.5855555590328271
1287;0.635366218335188
1288;0.6442108121595658
1289;0.5273870982592005
1290;0.6544697788075272
1291;0.6542136009353574
1292;0.45644228515803303
1293;0.5518273392028678
1294;0.5805401878271677
1295;0.4157210643113878
1296;0.7572632072394825
1297;0.7619025419839938
1298;0.7036619720529713
1299;0.7450755696207235
1300;0.7450755696207235
1301;0.7358613810929743
1302;0.7358613810929743
1303;0.7675462833464463
1304;0.6271888313430356
1305;0.6605704542587759
1306;0.4333286323345731
1307;0.5857816160815854
1308;0.6502843785640121
1309;0.4944114401651357
1310;0.4467756846247525
1311;0.4467756846247525
1312;0.4467756846247525
1313;0.45785982776762846
1314;0.27761142621210483
1315;0.7042240347166069
1316;0.6242916165590451
1317;0.03498757214354795
1318;0.6221277425645505
1319;0.491762452389697
1320;0.6138790020436531
1321;0.6399169112172176
1322;0.575725644283252
1323;0.5808369730071593
1324;0.6115519377652225
1325;0.49498252804498666
1326;0.49498252804498666
1327;0.49498252804498666
1328;0.614753001130081
1329;0.5753730349121969
1330;0.5089814928722002
1331;0.5089814928722002
1332;0.5089814928722002
1333;0.5595807162170978
1334;0.5595807162170978
1335;0.5595807162170978
1336;0.6090659753281583
1337;0.6090659753281583
1338;0.6090659753281583
1339;0.6109476689466066
1340;0.6109476689466066
1341;0.6109476689466066
1342;0.6212443646569643
1343;0.6634383000016872
1344;0.6634383000016872
1345;0.628410646211915
1346;0.17534895952065085
1347;0.6464433043231829
1348;0.6174637925840355
1349;0.630122433439539
1350;0.6349878618640579
1351;0.5273791385186123
1352;0.696129406150941
1353;0.6983485055589095
1354;0.6983485055589095
1355;0.6983485055589095
1356;0.7047850000769696
1357;0.7440882316839061
1358;0.7440882316839061
1359;0.7648323633906972
1360;0.7648323633906972
1361;0.6877202142589967
1362;0.6877202142589967
1363;0.788299455240011
1364;0.788299455240011
1365;0.6721003861157026
1366;0.6484418039506973
1367;0.5879545906894726
1368;0.5879545906894726
1369;0.5424597189020145
1370;0.6231330403370247
1371;0.6231330403370247
1372;0.6231330403370247
1373;0.6231330403370247
1374;0.6121773324439763
1375;0.5755146835362798
1376;0.6636871563143509
1377;0.5917971267775429
1378;0.7059213891911826
1379;0.6180453345800334
1380;0.6428185862906602
1381;0.6175347764366659
1382;0.7514394055502012
1383;0.7709106079003462
1384;0.7645860090527852
1385;0.7413151242058744
1386;0.7340299228930487
1387;0.714607752497033
1388;0.7645696642697727
1389;0.7681742970510217
1390;0.7580387503171021
1391;0.7737223729266478
1392;0.7231217160033011
1393;0.7139305748423842
1394;0.7329784241311661
1395;0.7522631623274777
1396;0.7522631623274777
1397;0.7279612323093207
1398;0.7537035377423686
1399;0.732005122631212
1400;0.7552714350122828
1401;0.7292622985313655
1402;0.7156953457007397
1403;0.714787739433884
1404;0.7067157128741476
1405;0.7156999316246542
1406;0.7776576241646772
1407;0.7864029247735665
1408;0.7806019655111127
1409;0.5494908435397086
1410;0.547396346164558
1411;0.6207267172359577
1412;0.46668565514113597
1413;0.46668565514113597
1414;0.7798811411264759
1415;0.5207293585163781
1416;0.44484392420631336
1417;0.44484392420631336
1418;0.5826122444422503
1419;0.5826122444422503
1420;0.5755962978570048
1421;0.49621650058857014
1422;0.49621650058857014
1423;0.5592110626028045
1424;0.5779408340225448
1425;0.5319460744159011
1426;0.5815973093763392
1427;0.501558872538792
1428;0.6145952291563958
1429;0.6000958154708816
1430;0.6000958154708816
1431;0.48041413001823946
1432;0.48041413001823946
1433;0.48041413001823946
1434;0.560116318814516
1435;0.560116318814516
1436;0.5808926082529591
1437;0.3389938136663222
1438;0.3389938136663222
1439;0.5808926082529591
1440;0.5654754099359998
1441;0.6009234645993036
1442;0.5510379571346732
1443;0.5870758159669279
1444;0.5193633403720045
1445;0.5651549842782141
1446;0.20426869624005142
1447;0.32649620266895635
1448;0.5366539737311625
1449;0.5164488679588036
1450;0.5079437213013656
1451;0.4734507289408417
1452;0.4734507289408417
1453;0.4734507289408417
1454;0.4734507289408417
1455;0.4734507289408417
1456;0.595049088769485
1457;0.5555608697192321
1458;0.5372137920103321
1459;0.4033940040568586
1460;0.4033940040568586
1461;0.42171915920024816
1462;0.4113927106112235
1463;0.4113927106112235
1464;0.42171915920024816
1465;0.576177403746451
1466;0.576177403746451
1467;0.5274042467262419
1468;0.4273589495601794
1469;0.4273589495601794
1470;0.39084280477282535
1471;0.39084280477282535
1472;0.36697402212190944
1473;0.36697402212190944
1474;0.5146126577473216
1475;0.5467780688478834
1476;0.5425943645027368
1477;0.2532108458636385
1478;0.4164796232030391
1479;0.4325624971246458
1480;0.49648433550415044
1481;0.49648433550415044
1482;0.4501440624273658
1483;0.539881877111499
1484;0.4323169680935539
1485;0.5521781165339755
1486;0.5367820384036676
1487;0.5369213754223688
1488;0.5840455341313338
1489;0.6117027322066005
1490;0.5834583433457465
1491;0.5097779819694078
1492;0.6152065653428358
1493;0.6206253228157866
1494;0.5833954200180818
1495;0.5778265932132048
1496;0.5286783921287562
1497;0.42837880014803487
1498;0.4587926256409199
1499;0.5033202063890067
1500;0.536393179486804
1501;0.536393179486804
1502;0.536393179486804
1503;0.536393179486804
1504;0.2469564894260475
1505;0.4466384538483781
1506;0.4922453425496475
1507;0.44822691861986763
1508;0.4619067849860976
1509;0.5029604562487938
1510;0.5698474277615359
1511;0.5698474277615359
1512;0.3479489437563963
1513;0.3479489437563963
1514;0.5785512734104037
1515;0.5785512734104037
1516;0.44024638367286034
1517;0.6867345861369
1518;0.6027135365619584
1519;0.6253883248297059
1520;0.6015704167354655
1521;0.6028313261516524
1522;0.5471778946885487
1523;0.6534824861974267
1524;0.6992073149736661
1525;0.7149276311509445
1526;0.7598979556145781
1527;0.5498892620585478
1528;0.7478890400598248
1529;0.7604773618969615
1530;0.7641593984548123
1531;0.7733524186931673
1532;0.7725610174301136
1533;0.7427442642015313
1534;0.7719639158095237
1535;0.7551135623958641
1536;0.7546190200895819
1537;0.6331180357893199
1538;0.7473121251416998
1539;0.7401220727945965
1540;0.7326808080574075
1541;0.7568629536095275
1542;0.782528366649016
1543;0.7480729961826115
1544;0.7405830332095062
1545;0.7311940784308834
1546;0.7515622231378185
1547;0.4407638362222958
1548;0.17442399821037327
1549;0.5826631052922772
1550;0.6340054041674851
1551;0.6340054041674851
1552;0.5829822845779886
1553;0.5829822845779886
1554;0.5796685794426039
1555;0.5796685794426039
1556;0.6224270738628463
1557;0.6113440234296222
1558;0.6535626741951926
1559;0.5606684663429117
1560;0.6369203174273522
1561;0.45683829303726237
1562;0.572931539322458
1563;0.6736177521596602
1564;0.5917771855045297
1565;0.6538269539558961
1566;0.62204892923084
1567;0.6671502462258564
1568;0.7372628438940423
1569;0.7563377260257536
1570;0.7417193367486401
1571;0.7443884352163914
1572;0.6820882535521058
1573;0.6303859830696673
1574;0.6302959023085344
